DATE,TIME,AM/PM,DATA
7/1/2019,12:00:00,AM,42.32
7/1/2019,12:15:00,AM,34.83
7/1/2019,12:30:00,AM,41.21
7/1/2019,12:45:00,AM,46.96
7/1/2019,1:00:00,AM,68.41
7/1/2019,1:15:00,AM,1.19
7/1/2019,1:30:00,AM,1.71
7/1/2019,1:45:00,AM,4.01
7/1/2019,2:00:00,AM,0.41
7/1/2019,2:15:00,AM,1.72
7/1/2019,2:30:00,AM,3.1
7/1/2019,2:45:00,AM,3.12
7/1/2019,3:00:00,AM,1.68
7/1/2019,3:15:00,AM,1
7/1/2019,3:30:00,AM,0.82
7/1/2019,3:45:00,AM,0.8
7/1/2019,4:00:00,AM,0.8
7/1/2019,4:15:00,AM,0.75
7/1/2019,4:30:00,AM,0.75
7/1/2019,4:45:00,AM,0.78
7/1/2019,5:00:00,AM,0.77
7/1/2019,5:15:00,AM,0.76
7/1/2019,5:30:00,AM,11.32
7/1/2019,5:45:00,AM,3.74
7/1/2019,6:00:00,AM,4.75
7/1/2019,6:15:00,AM,0.74
7/1/2019,6:30:00,AM,0.4
7/1/2019,6:45:00,AM,0.78
7/1/2019,7:00:00,AM,45.25
7/1/2019,7:15:00,AM,211.39
7/1/2019,7:30:00,AM,33.34
7/1/2019,7:45:00,AM,31.1
7/1/2019,8:00:00,AM,34.2
7/1/2019,8:15:00,AM,35.79
7/1/2019,8:30:00,AM,29.81
7/1/2019,8:45:00,AM,33.05
7/1/2019,9:00:00,AM,33.04
7/1/2019,9:15:00,AM,35.93
7/1/2019,9:30:00,AM,36.64
7/1/2019,9:45:00,AM,34.39
7/1/2019,10:00:00,AM,34.35
7/1/2019,10:15:00,AM,34.71
7/1/2019,10:30:00,AM,33.85
7/1/2019,10:45:00,AM,33.6
7/1/2019,11:00:00,AM,33.16
7/1/2019,11:15:00,AM,32.84
7/1/2019,11:30:00,AM,33.41
7/1/2019,11:45:00,AM,33.9
7/1/2019,12:00:00,PM,33.11
7/1/2019,12:15:00,PM,33.51
7/1/2019,12:30:00,PM,33.4
7/1/2019,12:45:00,PM,33.68
7/1/2019,1:00:00,PM,37.2
7/1/2019,1:15:00,PM,36.4
7/1/2019,1:30:00,PM,36.46
7/1/2019,1:45:00,PM,32.78
7/1/2019,2:00:00,PM,33.95
7/1/2019,2:15:00,PM,32.7
7/1/2019,2:30:00,PM,35.92
7/1/2019,2:45:00,PM,23.09
7/1/2019,3:00:00,PM,36.42
7/1/2019,3:15:00,PM,32.57
7/1/2019,3:30:00,PM,36.04
7/1/2019,3:45:00,PM,39.42
7/1/2019,4:00:00,PM,34.61
7/1/2019,4:15:00,PM,41.14
7/1/2019,4:30:00,PM,36.73
7/1/2019,4:45:00,PM,38.63
7/1/2019,5:00:00,PM,36.49
7/1/2019,5:15:00,PM,35.32
7/1/2019,5:30:00,PM,35.76
7/1/2019,5:45:00,PM,36.51
7/1/2019,6:00:00,PM,32.84
7/1/2019,6:15:00,PM,33.62
7/1/2019,6:30:00,PM,33.32
7/1/2019,6:45:00,PM,33.58
7/1/2019,7:00:00,PM,36.14
7/1/2019,7:15:00,PM,33.88
7/1/2019,7:30:00,PM,35.32
7/1/2019,7:45:00,PM,41.23
7/1/2019,8:00:00,PM,33.35
7/1/2019,8:15:00,PM,33.4
7/1/2019,8:30:00,PM,36.95
7/1/2019,8:45:00,PM,34.9
7/1/2019,9:00:00,PM,35.87
7/1/2019,9:15:00,PM,31.78
7/1/2019,9:30:00,PM,32.62
7/1/2019,9:45:00,PM,31.5
7/1/2019,10:00:00,PM,36.7
7/1/2019,10:15:00,PM,23.83
7/1/2019,10:30:00,PM,33.83
7/1/2019,10:45:00,PM,31.85
7/1/2019,11:00:00,PM,65.86
7/1/2019,11:15:00,PM,24.98
7/1/2019,11:30:00,PM,17.35
7/1/2019,11:45:00,PM,17.15
7/2/2019,12:00:00,AM,18.04
7/2/2019,12:15:00,AM,18.43
7/2/2019,12:30:00,AM,15.66
7/2/2019,12:45:00,AM,16.85
7/2/2019,1:00:00,AM,21.4
7/2/2019,1:15:00,AM,18.09
7/2/2019,1:30:00,AM,18.86
7/2/2019,1:45:00,AM,15.55
7/2/2019,2:00:00,AM,15.23
7/2/2019,2:15:00,AM,14.99
7/2/2019,2:30:00,AM,14.84
7/2/2019,2:45:00,AM,15.38
7/2/2019,3:00:00,AM,14.72
7/2/2019,3:15:00,AM,15.69
7/2/2019,3:30:00,AM,15.19
7/2/2019,3:45:00,AM,15.36
7/2/2019,4:00:00,AM,17.62
7/2/2019,4:15:00,AM,16.16
7/2/2019,4:30:00,AM,17
7/2/2019,4:45:00,AM,14.12
7/2/2019,5:00:00,AM,13.81
7/2/2019,5:15:00,AM,13.47
7/2/2019,5:30:00,AM,52.04
7/2/2019,5:45:00,AM,1.59
7/2/2019,6:00:00,AM,3.08
7/2/2019,6:15:00,AM,0.08
7/2/2019,6:30:00,AM,3.22
7/2/2019,6:45:00,AM,3.83
7/2/2019,7:00:00,AM,78.19
7/2/2019,7:15:00,AM,61.72
7/2/2019,7:30:00,AM,14.56
7/2/2019,7:45:00,AM,16.72
7/2/2019,8:00:00,AM,13.26
7/2/2019,8:15:00,AM,14.3
7/2/2019,8:30:00,AM,15.9
7/2/2019,8:45:00,AM,15.83
7/2/2019,9:00:00,AM,14.14
7/2/2019,9:15:00,AM,22.22
7/2/2019,9:30:00,AM,16.2
7/2/2019,9:45:00,AM,14.39
7/2/2019,10:00:00,AM,14.58
7/2/2019,10:15:00,AM,14.76
7/2/2019,10:30:00,AM,15.13
7/2/2019,10:45:00,AM,14
7/2/2019,11:00:00,AM,14.73
7/2/2019,11:15:00,AM,14.28
7/2/2019,11:30:00,AM,19.8
7/2/2019,11:45:00,AM,17.54
7/2/2019,12:00:00,PM,18.16
7/2/2019,12:15:00,PM,14.48
7/2/2019,12:30:00,PM,20.64
7/2/2019,12:45:00,PM,19.28
7/2/2019,1:00:00,PM,20.47
7/2/2019,1:15:00,PM,6.11
7/2/2019,1:30:00,PM,18.29
7/2/2019,1:45:00,PM,14.65
7/2/2019,2:00:00,PM,18.5
7/2/2019,2:15:00,PM,19.25
7/2/2019,2:30:00,PM,14.61
7/2/2019,2:45:00,PM,18.18
7/2/2019,3:00:00,PM,17.88
7/2/2019,3:15:00,PM,35.76
7/2/2019,3:30:00,PM,15.88
7/2/2019,3:45:00,PM,16.91
7/2/2019,4:00:00,PM,18.24
7/2/2019,4:15:00,PM,18.2
7/2/2019,4:30:00,PM,18.5
7/2/2019,4:45:00,PM,18.03
7/2/2019,5:00:00,PM,14.76
7/2/2019,5:15:00,PM,16.28
7/2/2019,5:30:00,PM,16.11
7/2/2019,5:45:00,PM,16.01
7/2/2019,6:00:00,PM,16.33
7/2/2019,6:15:00,PM,15.19
7/2/2019,6:30:00,PM,15.26
7/2/2019,6:45:00,PM,15.97
7/2/2019,7:00:00,PM,19.88
7/2/2019,7:15:00,PM,18.89
7/2/2019,7:30:00,PM,19.38
7/2/2019,7:45:00,PM,14.94
7/2/2019,8:00:00,PM,14.69
7/2/2019,8:15:00,PM,15.99
7/2/2019,8:30:00,PM,20.88
7/2/2019,8:45:00,PM,17.29
7/2/2019,9:00:00,PM,22.7
7/2/2019,9:15:00,PM,19.6
7/2/2019,9:30:00,PM,22.41
7/2/2019,9:45:00,PM,24.26
7/2/2019,10:00:00,PM,19.52
7/2/2019,10:15:00,PM,21.65
7/2/2019,10:30:00,PM,23.2
7/2/2019,10:45:00,PM,25.01
7/2/2019,11:00:00,PM,21.73
7/2/2019,11:15:00,PM,21.82
7/2/2019,11:30:00,PM,30.72
7/2/2019,11:45:00,PM,25.47
7/3/2019,12:00:00,AM,26.27
7/3/2019,12:15:00,AM,22.16
7/3/2019,12:30:00,AM,23.13
7/3/2019,12:45:00,AM,23.2
7/3/2019,1:00:00,AM,26.59
7/3/2019,1:15:00,AM,22.95
7/3/2019,1:30:00,AM,25.52
7/3/2019,1:45:00,AM,21.91
7/3/2019,2:00:00,AM,21.99
7/3/2019,2:15:00,AM,21.59
7/3/2019,2:30:00,AM,25.64
7/3/2019,2:45:00,AM,24.17
7/3/2019,3:00:00,AM,24.8
7/3/2019,3:15:00,AM,21.44
7/3/2019,3:30:00,AM,21.36
7/3/2019,3:45:00,AM,21.55
7/3/2019,4:00:00,AM,23.56
7/3/2019,4:15:00,AM,9.98
7/3/2019,4:30:00,AM,22.5
7/3/2019,4:45:00,AM,20.65
7/3/2019,5:00:00,AM,23.98
7/3/2019,5:15:00,AM,23.28
7/3/2019,5:30:00,AM,19.01
7/3/2019,5:45:00,AM,31.46
7/3/2019,6:00:00,AM,33.12
7/3/2019,6:15:00,AM,7.76
7/3/2019,6:30:00,AM,1.29
7/3/2019,6:45:00,AM,1.66
7/3/2019,7:00:00,AM,110.89
7/3/2019,7:15:00,AM,72.41
7/3/2019,7:30:00,AM,22.76
7/3/2019,7:45:00,AM,22.75
7/3/2019,8:00:00,AM,22.07
7/3/2019,8:15:00,AM,22.37
7/3/2019,8:30:00,AM,22.77
7/3/2019,8:45:00,AM,22.49
7/3/2019,9:00:00,AM,21.99
7/3/2019,9:15:00,AM,21.72
7/3/2019,9:30:00,AM,24.67
7/3/2019,9:45:00,AM,22.7
7/3/2019,10:00:00,AM,26.61
7/3/2019,10:15:00,AM,25.1
7/3/2019,10:30:00,AM,26.22
7/3/2019,10:45:00,AM,22.63
7/3/2019,11:00:00,AM,21.48
7/3/2019,11:15:00,AM,21.68
7/3/2019,11:30:00,AM,24.92
7/3/2019,11:45:00,AM,13.09
7/3/2019,12:00:00,PM,25.52
7/3/2019,12:15:00,PM,22.4
7/3/2019,12:30:00,PM,28.55
7/3/2019,12:45:00,PM,27.03
7/3/2019,1:00:00,PM,21.79
7/3/2019,1:15:00,PM,23.89
7/3/2019,1:30:00,PM,24.23
7/3/2019,1:45:00,PM,27.45
7/3/2019,2:00:00,PM,23.39
7/3/2019,2:15:00,PM,27.08
7/3/2019,2:30:00,PM,28.27
7/3/2019,2:45:00,PM,26.72
7/3/2019,3:00:00,PM,25.02
7/3/2019,3:15:00,PM,24.09
7/3/2019,3:30:00,PM,27.16
7/3/2019,3:45:00,PM,24.03
7/3/2019,4:00:00,PM,23.61
7/3/2019,4:15:00,PM,22.73
7/3/2019,4:30:00,PM,23.73
7/3/2019,4:45:00,PM,29.78
7/3/2019,5:00:00,PM,32.09
7/3/2019,5:15:00,PM,22.2
7/3/2019,5:30:00,PM,27.93
7/3/2019,5:45:00,PM,27.34
7/3/2019,6:00:00,PM,29.3
7/3/2019,6:15:00,PM,25.09
7/3/2019,6:30:00,PM,23.72
7/3/2019,6:45:00,PM,30.58
7/3/2019,7:00:00,PM,40.73
7/3/2019,7:15:00,PM,17.57
7/3/2019,7:30:00,PM,34.09
7/3/2019,7:45:00,PM,25.54
7/3/2019,8:00:00,PM,33.44
7/3/2019,8:15:00,PM,28.77
7/3/2019,8:30:00,PM,24.72
7/3/2019,8:45:00,PM,28.76
7/3/2019,9:00:00,PM,28.15
7/3/2019,9:15:00,PM,31.32
7/3/2019,9:30:00,PM,31.3
7/3/2019,9:45:00,PM,30.61
7/3/2019,10:00:00,PM,33.5
7/3/2019,10:15:00,PM,34.09
7/3/2019,10:30:00,PM,31.07
7/3/2019,10:45:00,PM,30.41
7/3/2019,11:00:00,PM,32.8
7/3/2019,11:15:00,PM,34.16
7/3/2019,11:30:00,PM,33.41
7/3/2019,11:45:00,PM,34.36
7/4/2019,12:00:00,AM,17.52
7/4/2019,12:15:00,AM,15
7/4/2019,12:30:00,AM,15.22
7/4/2019,12:45:00,AM,15.9
7/4/2019,1:00:00,AM,19.25
7/4/2019,1:15:00,AM,15.66
7/4/2019,1:30:00,AM,17.92
7/4/2019,1:45:00,AM,15.09
7/4/2019,2:00:00,AM,15.38
7/4/2019,2:15:00,AM,15.03
7/4/2019,2:30:00,AM,14.9
7/4/2019,2:45:00,AM,15.48
7/4/2019,3:00:00,AM,14.46
7/4/2019,3:15:00,AM,15.14
7/4/2019,3:30:00,AM,15.22
7/4/2019,3:45:00,AM,15.23
7/4/2019,4:00:00,AM,13.65
7/4/2019,4:15:00,AM,13.36
7/4/2019,4:30:00,AM,13.57
7/4/2019,4:45:00,AM,14.68
7/4/2019,5:00:00,AM,14.78
7/4/2019,5:15:00,AM,13.56
7/4/2019,5:30:00,AM,15.7
7/4/2019,5:45:00,AM,45.79
7/4/2019,6:00:00,AM,1.45
7/4/2019,6:15:00,AM,0.59
7/4/2019,6:30:00,AM,0.63
7/4/2019,6:45:00,AM,0.57
7/4/2019,7:00:00,AM,101.37
7/4/2019,7:15:00,AM,65.26
7/4/2019,7:30:00,AM,14.42
7/4/2019,7:45:00,AM,15.43
7/4/2019,8:00:00,AM,15.04
7/4/2019,8:15:00,AM,15.32
7/4/2019,8:30:00,AM,15.61
7/4/2019,8:45:00,AM,15.64
7/4/2019,9:00:00,AM,14.93
7/4/2019,9:15:00,AM,14.83
7/4/2019,9:30:00,AM,15.95
7/4/2019,9:45:00,AM,14.32
7/4/2019,10:00:00,AM,15.5
7/4/2019,10:15:00,AM,15.45
7/4/2019,10:30:00,AM,15.53
7/4/2019,10:45:00,AM,15.55
7/4/2019,11:00:00,AM,16.02
7/4/2019,11:15:00,AM,15.55
7/4/2019,11:30:00,AM,15.03
7/4/2019,11:45:00,AM,15.49
7/4/2019,12:00:00,PM,15.71
7/4/2019,12:15:00,PM,15.91
7/4/2019,12:30:00,PM,16.19
7/4/2019,12:45:00,PM,16.59
7/4/2019,1:00:00,PM,16.59
7/4/2019,1:15:00,PM,15.51
7/4/2019,1:30:00,PM,15.98
7/4/2019,1:45:00,PM,15.51
7/4/2019,2:00:00,PM,16.77
7/4/2019,2:15:00,PM,18.64
7/4/2019,2:30:00,PM,16.93
7/4/2019,2:45:00,PM,18.35
7/4/2019,3:00:00,PM,23.05
7/4/2019,3:15:00,PM,16.96
7/4/2019,3:30:00,PM,16.38
7/4/2019,3:45:00,PM,22.47
7/4/2019,4:00:00,PM,23.6
7/4/2019,4:15:00,PM,18.85
7/4/2019,4:30:00,PM,19.76
7/4/2019,4:45:00,PM,18.07
7/4/2019,5:00:00,PM,25.14
7/4/2019,5:15:00,PM,19.78
7/4/2019,5:30:00,PM,18.66
7/4/2019,5:45:00,PM,17.72
7/4/2019,6:00:00,PM,16.96
7/4/2019,6:15:00,PM,17.83
7/4/2019,6:30:00,PM,21.27
7/4/2019,6:45:00,PM,18.12
7/4/2019,7:00:00,PM,17.23
7/4/2019,7:15:00,PM,17.18
7/4/2019,7:30:00,PM,25.18
7/4/2019,7:45:00,PM,17.29
7/4/2019,8:00:00,PM,18.04
7/4/2019,8:15:00,PM,17.81
7/4/2019,8:30:00,PM,17.48
7/4/2019,8:45:00,PM,19.19
7/4/2019,9:00:00,PM,18.43
7/4/2019,9:15:00,PM,18.91
7/4/2019,9:30:00,PM,19.97
7/4/2019,9:45:00,PM,18.82
7/4/2019,10:00:00,PM,17.47
7/4/2019,10:15:00,PM,20.15
7/4/2019,10:30:00,PM,19.39
7/4/2019,10:45:00,PM,20.1
7/4/2019,11:00:00,PM,18.58
7/4/2019,11:15:00,PM,20.13
7/4/2019,11:30:00,PM,19.9
7/4/2019,11:45:00,PM,18.44
7/5/2019,12:00:00,AM,18.99
7/5/2019,12:15:00,AM,15.98
7/5/2019,12:30:00,AM,18.4
7/5/2019,12:45:00,AM,18.23
7/5/2019,1:00:00,AM,21.24
7/5/2019,1:15:00,AM,19.18
7/5/2019,1:30:00,AM,21.28
7/5/2019,1:45:00,AM,18.87
7/5/2019,2:00:00,AM,18.67
7/5/2019,2:15:00,AM,19.31
7/5/2019,2:30:00,AM,19.48
7/5/2019,2:45:00,AM,19.49
7/5/2019,3:00:00,AM,17.57
7/5/2019,3:15:00,AM,19.57
7/5/2019,3:30:00,AM,18.36
7/5/2019,3:45:00,AM,19.35
7/5/2019,4:00:00,AM,15.26
7/5/2019,4:15:00,AM,14.94
7/5/2019,4:30:00,AM,15.69
7/5/2019,4:45:00,AM,15.93
7/5/2019,5:00:00,AM,15.4
7/5/2019,5:15:00,AM,14.48
7/5/2019,5:30:00,AM,24.98
7/5/2019,5:45:00,AM,37.29
7/5/2019,6:00:00,AM,16.65
7/5/2019,6:15:00,AM,0.7
7/5/2019,6:30:00,AM,0.7
7/5/2019,6:45:00,AM,0.73
7/5/2019,7:00:00,AM,123.32
7/5/2019,7:15:00,AM,80.08
7/5/2019,7:30:00,AM,19.77
7/5/2019,7:45:00,AM,19.97
7/5/2019,8:00:00,AM,19.09
7/5/2019,8:15:00,AM,19.56
7/5/2019,8:30:00,AM,20.26
7/5/2019,8:45:00,AM,20.24
7/5/2019,9:00:00,AM,17.44
7/5/2019,9:15:00,AM,19.34
7/5/2019,9:30:00,AM,18.25
7/5/2019,9:45:00,AM,19.03
7/5/2019,10:00:00,AM,18.25
7/5/2019,10:15:00,AM,18.57
7/5/2019,10:30:00,AM,19.07
7/5/2019,10:45:00,AM,18.98
7/5/2019,11:00:00,AM,18.52
7/5/2019,11:15:00,AM,19.06
7/5/2019,11:30:00,AM,18.54
7/5/2019,11:45:00,AM,18.6
7/5/2019,12:00:00,PM,18.64
7/5/2019,12:15:00,PM,19.17
7/5/2019,12:30:00,PM,19.03
7/5/2019,12:45:00,PM,17.97
7/5/2019,1:00:00,PM,17.79
7/5/2019,1:15:00,PM,18.11
7/5/2019,1:30:00,PM,17.59
7/5/2019,1:45:00,PM,16.35
7/5/2019,2:00:00,PM,17.46
7/5/2019,2:15:00,PM,21.89
7/5/2019,2:30:00,PM,19.09
7/5/2019,2:45:00,PM,19.59
7/5/2019,3:00:00,PM,18.22
7/5/2019,3:15:00,PM,17.36
7/5/2019,3:30:00,PM,17.55
7/5/2019,3:45:00,PM,18.55
7/5/2019,4:00:00,PM,19.53
7/5/2019,4:15:00,PM,20.39
7/5/2019,4:30:00,PM,19.31
7/5/2019,4:45:00,PM,19.7
7/5/2019,5:00:00,PM,26.83
7/5/2019,5:15:00,PM,17.39
7/5/2019,5:30:00,PM,18.78
7/5/2019,5:45:00,PM,18.48
7/5/2019,6:00:00,PM,17.56
7/5/2019,6:15:00,PM,17.55
7/5/2019,6:30:00,PM,16.89
7/5/2019,6:45:00,PM,18.01
7/5/2019,7:00:00,PM,18.78
7/5/2019,7:15:00,PM,17.59
7/5/2019,7:30:00,PM,18.13
7/5/2019,7:45:00,PM,23.83
7/5/2019,8:00:00,PM,16.83
7/5/2019,8:15:00,PM,18.53
7/5/2019,8:30:00,PM,17.47
7/5/2019,8:45:00,PM,15.7
7/5/2019,9:00:00,PM,15.24
7/5/2019,9:15:00,PM,15.01
7/5/2019,9:30:00,PM,16.68
7/5/2019,9:45:00,PM,15.05
7/5/2019,10:00:00,PM,15.22
7/5/2019,10:15:00,PM,23.26
7/5/2019,10:30:00,PM,14.9
7/5/2019,10:45:00,PM,16.54
7/5/2019,11:00:00,PM,14.43
7/5/2019,11:15:00,PM,15.31
7/5/2019,11:30:00,PM,15.2
7/5/2019,11:45:00,PM,15.2
7/6/2019,12:00:00,AM,0
7/6/2019,12:15:00,AM,0
7/6/2019,12:30:00,AM,0
7/6/2019,12:45:00,AM,0
7/6/2019,1:00:00,AM,0
7/6/2019,1:15:00,AM,0
7/6/2019,1:30:00,AM,0
7/6/2019,1:45:00,AM,0
7/6/2019,2:00:00,AM,0
7/6/2019,2:15:00,AM,0
7/6/2019,2:30:00,AM,0
7/6/2019,2:45:00,AM,0
7/6/2019,3:00:00,AM,0
7/6/2019,3:15:00,AM,0
7/6/2019,3:30:00,AM,0
7/6/2019,3:45:00,AM,0
7/6/2019,4:00:00,AM,0
7/6/2019,4:15:00,AM,0
7/6/2019,4:30:00,AM,0
7/6/2019,4:45:00,AM,0
7/6/2019,5:00:00,AM,0
7/6/2019,5:15:00,AM,0
7/6/2019,5:30:00,AM,0
7/6/2019,5:45:00,AM,0
7/6/2019,6:00:00,AM,0
7/6/2019,6:15:00,AM,0
7/6/2019,6:30:00,AM,0
7/6/2019,6:45:00,AM,0
7/6/2019,7:00:00,AM,0
7/6/2019,7:15:00,AM,0
7/6/2019,7:30:00,AM,0
7/6/2019,7:45:00,AM,0
7/6/2019,8:00:00,AM,0
7/6/2019,8:15:00,AM,0
7/6/2019,8:30:00,AM,0
7/6/2019,8:45:00,AM,0
7/6/2019,9:00:00,AM,0
7/6/2019,9:15:00,AM,0
7/6/2019,9:30:00,AM,0
7/6/2019,9:45:00,AM,0
7/6/2019,10:00:00,AM,0
7/6/2019,10:15:00,AM,0
7/6/2019,10:30:00,AM,0
7/6/2019,10:45:00,AM,0
7/6/2019,11:00:00,AM,0
7/6/2019,11:15:00,AM,0
7/6/2019,11:30:00,AM,0
7/6/2019,11:45:00,AM,0
7/6/2019,12:00:00,PM,0
7/6/2019,12:15:00,PM,0
7/6/2019,12:30:00,PM,0
7/6/2019,12:45:00,PM,0
7/6/2019,1:00:00,PM,0
7/6/2019,1:15:00,PM,0
7/6/2019,1:30:00,PM,0
7/6/2019,1:45:00,PM,0
7/6/2019,2:00:00,PM,0
7/6/2019,2:15:00,PM,0
7/6/2019,2:30:00,PM,0
7/6/2019,2:45:00,PM,0
7/6/2019,3:00:00,PM,0
7/6/2019,3:15:00,PM,0
7/6/2019,3:30:00,PM,0
7/6/2019,3:45:00,PM,0
7/6/2019,4:00:00,PM,0
7/6/2019,4:15:00,PM,0
7/6/2019,4:30:00,PM,0
7/6/2019,4:45:00,PM,0
7/6/2019,5:00:00,PM,0
7/6/2019,5:15:00,PM,0
7/6/2019,5:30:00,PM,0
7/6/2019,5:45:00,PM,0
7/6/2019,6:00:00,PM,0
7/6/2019,6:15:00,PM,0
7/6/2019,6:30:00,PM,0
7/6/2019,6:45:00,PM,0
7/6/2019,7:00:00,PM,0
7/6/2019,7:15:00,PM,0
7/6/2019,7:30:00,PM,0
7/6/2019,7:45:00,PM,0
7/6/2019,8:00:00,PM,0
7/6/2019,8:15:00,PM,0
7/6/2019,8:30:00,PM,0
7/6/2019,8:45:00,PM,0
7/6/2019,9:00:00,PM,0
7/6/2019,9:15:00,PM,0
7/6/2019,9:30:00,PM,0
7/6/2019,9:45:00,PM,0
7/6/2019,10:00:00,PM,0
7/6/2019,10:15:00,PM,0
7/6/2019,10:30:00,PM,0
7/6/2019,10:45:00,PM,0
7/6/2019,11:00:00,PM,0
7/6/2019,11:15:00,PM,0
7/6/2019,11:30:00,PM,0
7/6/2019,11:45:00,PM,0
7/7/2019,12:00:00,AM,0
7/7/2019,12:15:00,AM,0
7/7/2019,12:30:00,AM,0
7/7/2019,12:45:00,AM,0
7/7/2019,1:00:00,AM,0
7/7/2019,1:15:00,AM,0
7/7/2019,1:30:00,AM,0
7/7/2019,1:45:00,AM,0
7/7/2019,2:00:00,AM,0
7/7/2019,2:15:00,AM,0
7/7/2019,2:30:00,AM,0
7/7/2019,2:45:00,AM,0
7/7/2019,3:00:00,AM,0
7/7/2019,3:15:00,AM,0
7/7/2019,3:30:00,AM,0
7/7/2019,3:45:00,AM,0
7/7/2019,4:00:00,AM,0
7/7/2019,4:15:00,AM,0
7/7/2019,4:30:00,AM,0
7/7/2019,4:45:00,AM,0
7/7/2019,5:00:00,AM,0
7/7/2019,5:15:00,AM,0
7/7/2019,5:30:00,AM,0
7/7/2019,5:45:00,AM,0
7/7/2019,6:00:00,AM,0
7/7/2019,6:15:00,AM,0
7/7/2019,6:30:00,AM,0
7/7/2019,6:45:00,AM,0
7/7/2019,7:00:00,AM,0
7/7/2019,7:15:00,AM,0
7/7/2019,7:30:00,AM,0
7/7/2019,7:45:00,AM,0
7/7/2019,8:00:00,AM,0
7/7/2019,8:15:00,AM,0
7/7/2019,8:30:00,AM,0
7/7/2019,8:45:00,AM,0
7/7/2019,9:00:00,AM,0
7/7/2019,9:15:00,AM,0
7/7/2019,9:30:00,AM,0
7/7/2019,9:45:00,AM,0
7/7/2019,10:00:00,AM,0
7/7/2019,10:15:00,AM,0
7/7/2019,10:30:00,AM,0
7/7/2019,10:45:00,AM,0
7/7/2019,11:00:00,AM,0
7/7/2019,11:15:00,AM,0
7/7/2019,11:30:00,AM,0
7/7/2019,11:45:00,AM,0
7/7/2019,12:00:00,PM,0
7/7/2019,12:15:00,PM,0
7/7/2019,12:30:00,PM,0
7/7/2019,12:45:00,PM,0
7/7/2019,1:00:00,PM,0
7/7/2019,1:15:00,PM,0
7/7/2019,1:30:00,PM,0
7/7/2019,1:45:00,PM,0
7/7/2019,2:00:00,PM,0
7/7/2019,2:15:00,PM,0
7/7/2019,2:30:00,PM,0
7/7/2019,2:45:00,PM,0
7/7/2019,3:00:00,PM,0
7/7/2019,3:15:00,PM,0
7/7/2019,3:30:00,PM,0
7/7/2019,3:45:00,PM,0
7/7/2019,4:00:00,PM,0
7/7/2019,4:15:00,PM,0
7/7/2019,4:30:00,PM,0
7/7/2019,4:45:00,PM,0
7/7/2019,5:00:00,PM,0
7/7/2019,5:15:00,PM,0
7/7/2019,5:30:00,PM,0
7/7/2019,5:45:00,PM,0
7/7/2019,6:00:00,PM,0
7/7/2019,6:15:00,PM,0
7/7/2019,6:30:00,PM,0
7/7/2019,6:45:00,PM,0
7/7/2019,7:00:00,PM,0
7/7/2019,7:15:00,PM,0
7/7/2019,7:30:00,PM,0
7/7/2019,7:45:00,PM,0
7/7/2019,8:00:00,PM,0
7/7/2019,8:15:00,PM,0
7/7/2019,8:30:00,PM,0
7/7/2019,8:45:00,PM,0
7/7/2019,9:00:00,PM,0
7/7/2019,9:15:00,PM,0
7/7/2019,9:30:00,PM,0
7/7/2019,9:45:00,PM,0
7/7/2019,10:00:00,PM,0
7/7/2019,10:15:00,PM,0
7/7/2019,10:30:00,PM,0
7/7/2019,10:45:00,PM,0
7/7/2019,11:00:00,PM,0
7/7/2019,11:15:00,PM,0
7/7/2019,11:30:00,PM,0
7/7/2019,11:45:00,PM,0
7/8/2019,12:00:00,AM,39.92
7/8/2019,12:15:00,AM,35.93
7/8/2019,12:30:00,AM,38.61
7/8/2019,12:45:00,AM,43.76
7/8/2019,1:00:00,AM,70.81
7/8/2019,1:15:00,AM,0.59
7/8/2019,1:30:00,AM,0.61
7/8/2019,1:45:00,AM,0.61
7/8/2019,2:00:00,AM,0.61
7/8/2019,2:15:00,AM,0.62
7/8/2019,2:30:00,AM,0.6
7/8/2019,2:45:00,AM,0.62
7/8/2019,3:00:00,AM,0.58
7/8/2019,3:15:00,AM,0.6
7/8/2019,3:30:00,AM,0.62
7/8/2019,3:45:00,AM,0.6
7/8/2019,4:00:00,AM,0.6
7/8/2019,4:15:00,AM,0.55
7/8/2019,4:30:00,AM,0.55
7/8/2019,4:45:00,AM,0.58
7/8/2019,5:00:00,AM,0.57
7/8/2019,5:15:00,AM,0.56
7/8/2019,5:30:00,AM,7.32
7/8/2019,5:45:00,AM,1.24
7/8/2019,6:00:00,AM,1.25
7/8/2019,6:15:00,AM,1.24
7/8/2019,6:30:00,AM,1.1
7/8/2019,6:45:00,AM,1.18
7/8/2019,7:00:00,AM,42.25
7/8/2019,7:15:00,AM,221.39
7/8/2019,7:30:00,AM,30.94
7/8/2019,7:45:00,AM,32.2
7/8/2019,8:00:00,AM,31.6
7/8/2019,8:15:00,AM,32.59
7/8/2019,8:30:00,AM,32.21
7/8/2019,8:45:00,AM,32.45
7/8/2019,9:00:00,AM,31.94
7/8/2019,9:15:00,AM,32.53
7/8/2019,9:30:00,AM,36.84
7/8/2019,9:45:00,AM,33.29
7/8/2019,10:00:00,AM,31.85
7/8/2019,10:15:00,AM,32.21
7/8/2019,10:30:00,AM,32.75
7/8/2019,10:45:00,AM,33.2
7/8/2019,11:00:00,AM,32.96
7/8/2019,11:15:00,AM,32.64
7/8/2019,11:30:00,AM,33.21
7/8/2019,11:45:00,AM,33.7
7/8/2019,12:00:00,PM,32.91
7/8/2019,12:15:00,PM,33.31
7/8/2019,12:30:00,PM,33.2
7/8/2019,12:45:00,PM,33.48
7/8/2019,1:00:00,PM,33.2
7/8/2019,1:15:00,PM,33.9
7/8/2019,1:30:00,PM,32.96
7/8/2019,1:45:00,PM,33.28
7/8/2019,2:00:00,PM,34.65
7/8/2019,2:15:00,PM,33.1
7/8/2019,2:30:00,PM,32.92
7/8/2019,2:45:00,PM,33.09
7/8/2019,3:00:00,PM,34.02
7/8/2019,3:15:00,PM,33.67
7/8/2019,3:30:00,PM,33.44
7/8/2019,3:45:00,PM,36.22
7/8/2019,4:00:00,PM,37.01
7/8/2019,4:15:00,PM,40.54
7/8/2019,4:30:00,PM,35.63
7/8/2019,4:45:00,PM,35.23
7/8/2019,5:00:00,PM,36.69
7/8/2019,5:15:00,PM,34.22
7/8/2019,5:30:00,PM,33.26
7/8/2019,5:45:00,PM,34.01
7/8/2019,6:00:00,PM,31.74
7/8/2019,6:15:00,PM,33.22
7/8/2019,6:30:00,PM,33.12
7/8/2019,6:45:00,PM,33.38
7/8/2019,7:00:00,PM,35.94
7/8/2019,7:15:00,PM,33.68
7/8/2019,7:30:00,PM,35.12
7/8/2019,7:45:00,PM,41.03
7/8/2019,8:00:00,PM,33.15
7/8/2019,8:15:00,PM,33.2
7/8/2019,8:30:00,PM,32.95
7/8/2019,8:45:00,PM,32.4
7/8/2019,9:00:00,PM,32.37
7/8/2019,9:15:00,PM,32.28
7/8/2019,9:30:00,PM,33.32
7/8/2019,9:45:00,PM,31.9
7/8/2019,10:00:00,PM,33.7
7/8/2019,10:15:00,PM,33.83
7/8/2019,10:30:00,PM,31.43
7/8/2019,10:45:00,PM,32.95
7/8/2019,11:00:00,PM,63.26
7/8/2019,11:15:00,PM,21.78
7/8/2019,11:30:00,PM,19.75
7/8/2019,11:45:00,PM,16.55
7/9/2019,12:00:00,AM,16.94
7/9/2019,12:15:00,AM,15.03
7/9/2019,12:30:00,AM,15.86
7/9/2019,12:45:00,AM,15.75
7/9/2019,1:00:00,AM,18.9
7/9/2019,1:15:00,AM,15.59
7/9/2019,1:30:00,AM,17.76
7/9/2019,1:45:00,AM,15.15
7/9/2019,2:00:00,AM,15.03
7/9/2019,2:15:00,AM,14.79
7/9/2019,2:30:00,AM,14.64
7/9/2019,2:45:00,AM,15.18
7/9/2019,3:00:00,AM,14.52
7/9/2019,3:15:00,AM,15.49
7/9/2019,3:30:00,AM,14.99
7/9/2019,3:45:00,AM,15.16
7/9/2019,4:00:00,AM,13.62
7/9/2019,4:15:00,AM,13.66
7/9/2019,4:30:00,AM,13.5
7/9/2019,4:45:00,AM,14.62
7/9/2019,5:00:00,AM,14.51
7/9/2019,5:15:00,AM,13.87
7/9/2019,5:30:00,AM,49.04
7/9/2019,5:45:00,AM,2.79
7/9/2019,6:00:00,AM,0.68
7/9/2019,6:15:00,AM,0.58
7/9/2019,6:30:00,AM,0.62
7/9/2019,6:45:00,AM,0.63
7/9/2019,7:00:00,AM,80.59
7/9/2019,7:15:00,AM,61.12
7/9/2019,7:30:00,AM,13.46
7/9/2019,7:45:00,AM,13.32
7/9/2019,8:00:00,AM,13.46
7/9/2019,8:15:00,AM,13.2
7/9/2019,8:30:00,AM,13.4
7/9/2019,8:45:00,AM,13.33
7/9/2019,9:00:00,AM,13.04
7/9/2019,9:15:00,AM,21.82
7/9/2019,9:30:00,AM,16
7/9/2019,9:45:00,AM,14.19
7/9/2019,10:00:00,AM,14.38
7/9/2019,10:15:00,AM,14.56
7/9/2019,10:30:00,AM,14.93
7/9/2019,10:45:00,AM,13.8
7/9/2019,11:00:00,AM,14.53
7/9/2019,11:15:00,AM,14.08
7/9/2019,11:30:00,AM,15.8
7/9/2019,11:45:00,AM,15.04
7/9/2019,12:00:00,PM,14.66
7/9/2019,12:15:00,PM,14.98
7/9/2019,12:30:00,PM,21.34
7/9/2019,12:45:00,PM,19.68
7/9/2019,1:00:00,PM,17.47
7/9/2019,1:15:00,PM,16.11
7/9/2019,1:30:00,PM,15.89
7/9/2019,1:45:00,PM,15.75
7/9/2019,2:00:00,PM,15.9
7/9/2019,2:15:00,PM,16.05
7/9/2019,2:30:00,PM,17.01
7/9/2019,2:45:00,PM,17.58
7/9/2019,3:00:00,PM,16.78
7/9/2019,3:15:00,PM,32.36
7/9/2019,3:30:00,PM,16.08
7/9/2019,3:45:00,PM,15.81
7/9/2019,4:00:00,PM,15.74
7/9/2019,4:15:00,PM,15.7
7/9/2019,4:30:00,PM,17.4
7/9/2019,4:45:00,PM,17.63
7/9/2019,5:00:00,PM,14.56
7/9/2019,5:15:00,PM,16.08
7/9/2019,5:30:00,PM,15.91
7/9/2019,5:45:00,PM,15.81
7/9/2019,6:00:00,PM,16.13
7/9/2019,6:15:00,PM,14.99
7/9/2019,6:30:00,PM,15.06
7/9/2019,6:45:00,PM,15.77
7/9/2019,7:00:00,PM,15.88
7/9/2019,7:15:00,PM,16.39
7/9/2019,7:30:00,PM,15.88
7/9/2019,7:45:00,PM,15.44
7/9/2019,8:00:00,PM,15.39
7/9/2019,8:15:00,PM,16.39
7/9/2019,8:30:00,PM,17.88
7/9/2019,8:45:00,PM,27.29
7/9/2019,9:00:00,PM,20.3
7/9/2019,9:15:00,PM,20.7
7/9/2019,9:30:00,PM,19.81
7/9/2019,9:45:00,PM,21.06
7/9/2019,10:00:00,PM,21.92
7/9/2019,10:15:00,PM,21.05
7/9/2019,10:30:00,PM,22.1
7/9/2019,10:45:00,PM,21.61
7/9/2019,11:00:00,PM,21.93
7/9/2019,11:15:00,PM,20.72
7/9/2019,11:30:00,PM,28.22
7/9/2019,11:45:00,PM,22.97
7/10/2019,12:00:00,AM,25.17
7/10/2019,12:15:00,AM,21.76
7/10/2019,12:30:00,AM,22.93
7/10/2019,12:45:00,AM,23
7/10/2019,1:00:00,AM,26.39
7/10/2019,1:15:00,AM,22.75
7/10/2019,1:30:00,AM,25.32
7/10/2019,1:45:00,AM,21.71
7/10/2019,2:00:00,AM,21.79
7/10/2019,2:15:00,AM,21.39
7/10/2019,2:30:00,AM,21.64
7/10/2019,2:45:00,AM,21.67
7/10/2019,3:00:00,AM,21.3
7/10/2019,3:15:00,AM,21.94
7/10/2019,3:30:00,AM,22.06
7/10/2019,3:45:00,AM,21.95
7/10/2019,4:00:00,AM,20.56
7/10/2019,4:15:00,AM,19.98
7/10/2019,4:30:00,AM,20.1
7/10/2019,4:45:00,AM,21.75
7/10/2019,5:00:00,AM,21.38
7/10/2019,5:15:00,AM,20.08
7/10/2019,5:30:00,AM,21.41
7/10/2019,5:45:00,AM,30.86
7/10/2019,6:00:00,AM,32.02
7/10/2019,6:15:00,AM,4.36
7/10/2019,6:30:00,AM,1.49
7/10/2019,6:45:00,AM,0.56
7/10/2019,7:00:00,AM,108.39
7/10/2019,7:15:00,AM,69.91
7/10/2019,7:30:00,AM,21.66
7/10/2019,7:45:00,AM,22.35
7/10/2019,8:00:00,AM,21.87
7/10/2019,8:15:00,AM,22.17
7/10/2019,8:30:00,AM,22.57
7/10/2019,8:45:00,AM,22.29
7/10/2019,9:00:00,AM,21.79
7/10/2019,9:15:00,AM,21.52
7/10/2019,9:30:00,AM,24.47
7/10/2019,9:45:00,AM,22.5
7/10/2019,10:00:00,AM,22.61
7/10/2019,10:15:00,AM,22.6
7/10/2019,10:30:00,AM,22.72
7/10/2019,10:45:00,AM,23.13
7/10/2019,11:00:00,AM,22.18
7/10/2019,11:15:00,AM,22.08
7/10/2019,11:30:00,AM,21.92
7/10/2019,11:45:00,AM,23.09
7/10/2019,12:00:00,PM,23.12
7/10/2019,12:15:00,PM,23.5
7/10/2019,12:30:00,PM,25.95
7/10/2019,12:45:00,PM,23.83
7/10/2019,1:00:00,PM,24.19
7/10/2019,1:15:00,PM,23.29
7/10/2019,1:30:00,PM,23.13
7/10/2019,1:45:00,PM,24.05
7/10/2019,2:00:00,PM,23.59
7/10/2019,2:15:00,PM,25.98
7/10/2019,2:30:00,PM,25.77
7/10/2019,2:45:00,PM,24.22
7/10/2019,3:00:00,PM,23.92
7/10/2019,3:15:00,PM,23.69
7/10/2019,3:30:00,PM,26.96
7/10/2019,3:45:00,PM,23.83
7/10/2019,4:00:00,PM,23.41
7/10/2019,4:15:00,PM,22.53
7/10/2019,4:30:00,PM,23.53
7/10/2019,4:45:00,PM,29.58
7/10/2019,5:00:00,PM,31.89
7/10/2019,5:15:00,PM,22
7/10/2019,5:30:00,PM,23.93
7/10/2019,5:45:00,PM,24.84
7/10/2019,6:00:00,PM,25.8
7/10/2019,6:15:00,PM,25.59
7/10/2019,6:30:00,PM,24.42
7/10/2019,6:45:00,PM,30.98
7/10/2019,7:00:00,PM,37.73
7/10/2019,7:15:00,PM,27.57
7/10/2019,7:30:00,PM,31.69
7/10/2019,7:45:00,PM,26.64
7/10/2019,8:00:00,PM,30.84
7/10/2019,8:15:00,PM,25.57
7/10/2019,8:30:00,PM,27.12
7/10/2019,8:45:00,PM,28.16
7/10/2019,9:00:00,PM,27.05
7/10/2019,9:15:00,PM,27.92
7/10/2019,9:30:00,PM,31.5
7/10/2019,9:45:00,PM,29.51
7/10/2019,10:00:00,PM,31
7/10/2019,10:15:00,PM,31.59
7/10/2019,10:30:00,PM,29.97
7/10/2019,10:45:00,PM,30.01
7/10/2019,11:00:00,PM,32.6
7/10/2019,11:15:00,PM,33.96
7/10/2019,11:30:00,PM,33.21
7/10/2019,11:45:00,PM,34.16
7/11/2019,12:00:00,AM,30.63
7/11/2019,12:15:00,AM,29.86
7/11/2019,12:30:00,AM,32.04
7/11/2019,12:45:00,AM,30.71
7/11/2019,1:00:00,AM,32.95
7/11/2019,1:15:00,AM,31.65
7/11/2019,1:30:00,AM,32.95
7/11/2019,1:45:00,AM,30.78
7/11/2019,2:00:00,AM,30.78
7/11/2019,2:15:00,AM,31.09
7/11/2019,2:30:00,AM,28.88
7/11/2019,2:45:00,AM,28.41
7/11/2019,3:00:00,AM,27.48
7/11/2019,3:15:00,AM,27.44
7/11/2019,3:30:00,AM,28.1
7/11/2019,3:45:00,AM,29.24
7/11/2019,4:00:00,AM,23.68
7/11/2019,4:15:00,AM,22.95
7/11/2019,4:30:00,AM,23.97
7/11/2019,4:45:00,AM,25.51
7/11/2019,5:00:00,AM,24.85
7/11/2019,5:15:00,AM,22.93
7/11/2019,5:30:00,AM,37.17
7/11/2019,5:45:00,AM,25.26
7/11/2019,6:00:00,AM,42.59
7/11/2019,6:15:00,AM,7.83
7/11/2019,6:30:00,AM,1.84
7/11/2019,6:45:00,AM,1.22
7/11/2019,7:00:00,AM,128.42
7/11/2019,7:15:00,AM,92.63
7/11/2019,7:30:00,AM,26.09
7/11/2019,7:45:00,AM,27.35
7/11/2019,8:00:00,AM,29.08
7/11/2019,8:15:00,AM,31.05
7/11/2019,8:30:00,AM,28.12
7/11/2019,8:45:00,AM,30.03
7/11/2019,9:00:00,AM,27.07
7/11/2019,9:15:00,AM,27.47
7/11/2019,9:30:00,AM,27.84
7/11/2019,9:45:00,AM,27.8
7/11/2019,10:00:00,AM,27.76
7/11/2019,10:15:00,AM,29.62
7/11/2019,10:30:00,AM,27.21
7/11/2019,10:45:00,AM,28.18
7/11/2019,11:00:00,AM,29.43
7/11/2019,11:15:00,AM,29.2
7/11/2019,11:30:00,AM,29.21
7/11/2019,11:45:00,AM,28.81
7/11/2019,12:00:00,PM,28.47
7/11/2019,12:15:00,PM,30.11
7/11/2019,12:30:00,PM,30.07
7/11/2019,12:45:00,PM,37.51
7/11/2019,1:00:00,PM,30.37
7/11/2019,1:15:00,PM,32.47
7/11/2019,1:30:00,PM,33.36
7/11/2019,1:45:00,PM,33.43
7/11/2019,2:00:00,PM,36.97
7/11/2019,2:15:00,PM,29.77
7/11/2019,2:30:00,PM,36.34
7/11/2019,2:45:00,PM,39.75
7/11/2019,3:00:00,PM,30.59
7/11/2019,3:15:00,PM,31.77
7/11/2019,3:30:00,PM,34.72
7/11/2019,3:45:00,PM,31.23
7/11/2019,4:00:00,PM,31.36
7/11/2019,4:15:00,PM,31.14
7/11/2019,4:30:00,PM,31.42
7/11/2019,4:45:00,PM,32.66
7/11/2019,5:00:00,PM,29.15
7/11/2019,5:15:00,PM,24.72
7/11/2019,5:30:00,PM,29.12
7/11/2019,5:45:00,PM,26.93
7/11/2019,6:00:00,PM,28.04
7/11/2019,6:15:00,PM,28.1
7/11/2019,6:30:00,PM,30.45
7/11/2019,6:45:00,PM,30.12
7/11/2019,7:00:00,PM,29.51
7/11/2019,7:15:00,PM,28.29
7/11/2019,7:30:00,PM,28.43
7/11/2019,7:45:00,PM,31.06
7/11/2019,8:00:00,PM,31.37
7/11/2019,8:15:00,PM,29.64
7/11/2019,8:30:00,PM,30.88
7/11/2019,8:45:00,PM,28.05
7/11/2019,9:00:00,PM,28.18
7/11/2019,9:15:00,PM,29.13
7/11/2019,9:30:00,PM,29.03
7/11/2019,9:45:00,PM,26.68
7/11/2019,10:00:00,PM,23.67
7/11/2019,10:15:00,PM,24.95
7/11/2019,10:30:00,PM,24.72
7/11/2019,10:45:00,PM,25.21
7/11/2019,11:00:00,PM,25.27
7/11/2019,11:15:00,PM,24.13
7/11/2019,11:30:00,PM,25.43
7/11/2019,11:45:00,PM,27.37
7/12/2019,12:00:00,AM,27.68
7/12/2019,12:15:00,AM,24.32
7/12/2019,12:30:00,AM,25.79
7/12/2019,12:45:00,AM,25.22
7/12/2019,1:00:00,AM,29
7/12/2019,1:15:00,AM,25.19
7/12/2019,1:30:00,AM,27.5
7/12/2019,1:45:00,AM,24.84
7/12/2019,2:00:00,AM,24.97
7/12/2019,2:15:00,AM,24.97
7/12/2019,2:30:00,AM,25.53
7/12/2019,2:45:00,AM,25.41
7/12/2019,3:00:00,AM,24.43
7/12/2019,3:15:00,AM,25.45
7/12/2019,3:30:00,AM,25.17
7/12/2019,3:45:00,AM,25.01
7/12/2019,4:00:00,AM,22.96
7/12/2019,4:15:00,AM,22.1
7/12/2019,4:30:00,AM,22.76
7/12/2019,4:45:00,AM,24.28
7/12/2019,5:00:00,AM,24.26
7/12/2019,5:15:00,AM,22.93
7/12/2019,5:30:00,AM,35.62
7/12/2019,5:45:00,AM,32.41
7/12/2019,6:00:00,AM,25.35
7/12/2019,6:15:00,AM,3.7
7/12/2019,6:30:00,AM,3.29
7/12/2019,6:45:00,AM,3.28
7/12/2019,7:00:00,AM,108.17
7/12/2019,7:15:00,AM,67.75
7/12/2019,7:30:00,AM,19.98
7/12/2019,7:45:00,AM,19.84
7/12/2019,8:00:00,AM,19.64
7/12/2019,8:15:00,AM,19.73
7/12/2019,8:30:00,AM,19.86
7/12/2019,8:45:00,AM,20.16
7/12/2019,9:00:00,AM,19.49
7/12/2019,9:15:00,AM,19.13
7/12/2019,9:30:00,AM,20.19
7/12/2019,9:45:00,AM,20.08
7/12/2019,10:00:00,AM,19.45
7/12/2019,10:15:00,AM,20.57
7/12/2019,10:30:00,AM,20.29
7/12/2019,10:45:00,AM,20.21
7/12/2019,11:00:00,AM,19.72
7/12/2019,11:15:00,AM,19.35
7/12/2019,11:30:00,AM,19.14
7/12/2019,11:45:00,AM,19.6
7/12/2019,12:00:00,PM,20.29
7/12/2019,12:15:00,PM,20.53
7/12/2019,12:30:00,PM,20
7/12/2019,12:45:00,PM,20.36
7/12/2019,1:00:00,PM,20.19
7/12/2019,1:15:00,PM,20.59
7/12/2019,1:30:00,PM,27.53
7/12/2019,1:45:00,PM,19.41
7/12/2019,2:00:00,PM,19.97
7/12/2019,2:15:00,PM,23.16
7/12/2019,2:30:00,PM,19.3
7/12/2019,2:45:00,PM,23.58
7/12/2019,3:00:00,PM,20.39
7/12/2019,3:15:00,PM,19.81
7/12/2019,3:30:00,PM,20.72
7/12/2019,3:45:00,PM,20.44
7/12/2019,4:00:00,PM,22.85
7/12/2019,4:15:00,PM,20.27
7/12/2019,4:30:00,PM,20.17
7/12/2019,4:45:00,PM,20.1
7/12/2019,5:00:00,PM,20.43
7/12/2019,5:15:00,PM,19.52
7/12/2019,5:30:00,PM,19.51
7/12/2019,5:45:00,PM,20.23
7/12/2019,6:00:00,PM,20.14
7/12/2019,6:15:00,PM,20.51
7/12/2019,6:30:00,PM,18.75
7/12/2019,6:45:00,PM,20.15
7/12/2019,7:00:00,PM,32.75
7/12/2019,7:15:00,PM,18.95
7/12/2019,7:30:00,PM,20.21
7/12/2019,7:45:00,PM,18.85
7/12/2019,8:00:00,PM,19.52
7/12/2019,8:15:00,PM,19.69
7/12/2019,8:30:00,PM,18.1
7/12/2019,8:45:00,PM,19.96
7/12/2019,9:00:00,PM,19.46
7/12/2019,9:15:00,PM,20.04
7/12/2019,9:30:00,PM,19.03
7/12/2019,9:45:00,PM,18.87
7/12/2019,10:00:00,PM,21.06
7/12/2019,10:15:00,PM,26.16
7/12/2019,10:30:00,PM,23.82
7/12/2019,10:45:00,PM,23.69
7/12/2019,11:00:00,PM,26.08
7/12/2019,11:15:00,PM,26.69
7/12/2019,11:30:00,PM,26.25
7/12/2019,11:45:00,PM,28.03
7/13/2019,12:00:00,AM,0
7/13/2019,12:15:00,AM,0
7/13/2019,12:30:00,AM,0
7/13/2019,12:45:00,AM,0
7/13/2019,1:00:00,AM,0
7/13/2019,1:15:00,AM,0
7/13/2019,1:30:00,AM,0
7/13/2019,1:45:00,AM,0
7/13/2019,2:00:00,AM,0
7/13/2019,2:15:00,AM,0
7/13/2019,2:30:00,AM,0
7/13/2019,2:45:00,AM,0
7/13/2019,3:00:00,AM,0
7/13/2019,3:15:00,AM,0
7/13/2019,3:30:00,AM,0
7/13/2019,3:45:00,AM,0
7/13/2019,4:00:00,AM,0
7/13/2019,4:15:00,AM,0
7/13/2019,4:30:00,AM,0
7/13/2019,4:45:00,AM,0
7/13/2019,5:00:00,AM,0
7/13/2019,5:15:00,AM,0
7/13/2019,5:30:00,AM,0
7/13/2019,5:45:00,AM,0
7/13/2019,6:00:00,AM,0
7/13/2019,6:15:00,AM,0
7/13/2019,6:30:00,AM,0
7/13/2019,6:45:00,AM,0
7/13/2019,7:00:00,AM,0
7/13/2019,7:15:00,AM,0
7/13/2019,7:30:00,AM,0
7/13/2019,7:45:00,AM,0
7/13/2019,8:00:00,AM,0
7/13/2019,8:15:00,AM,0
7/13/2019,8:30:00,AM,0
7/13/2019,8:45:00,AM,0
7/13/2019,9:00:00,AM,0
7/13/2019,9:15:00,AM,0
7/13/2019,9:30:00,AM,0
7/13/2019,9:45:00,AM,0
7/13/2019,10:00:00,AM,0
7/13/2019,10:15:00,AM,0
7/13/2019,10:30:00,AM,0
7/13/2019,10:45:00,AM,0
7/13/2019,11:00:00,AM,0
7/13/2019,11:15:00,AM,0
7/13/2019,11:30:00,AM,0
7/13/2019,11:45:00,AM,0
7/14/2019,12:00:00,PM,0
7/14/2019,12:15:00,PM,0
7/14/2019,12:30:00,PM,0
7/14/2019,12:45:00,PM,0
7/14/2019,1:00:00,PM,0
7/14/2019,1:15:00,PM,0
7/14/2019,1:30:00,PM,0
7/14/2019,1:45:00,PM,0
7/14/2019,2:00:00,PM,0
7/14/2019,2:15:00,PM,0
7/14/2019,2:30:00,PM,0
7/14/2019,2:45:00,PM,0
7/14/2019,3:00:00,PM,0
7/14/2019,3:15:00,PM,0
7/14/2019,3:30:00,PM,0
7/14/2019,3:45:00,PM,0
7/14/2019,4:00:00,PM,0
7/14/2019,4:15:00,PM,0
7/14/2019,4:30:00,PM,0
7/14/2019,4:45:00,PM,0
7/14/2019,5:00:00,PM,0
7/14/2019,5:15:00,PM,0
7/14/2019,5:30:00,PM,0
7/14/2019,5:45:00,PM,0
7/14/2019,6:00:00,PM,0
7/14/2019,6:15:00,PM,0
7/14/2019,6:30:00,PM,0
7/14/2019,6:45:00,PM,0
7/14/2019,7:00:00,PM,0
7/14/2019,7:15:00,PM,0
7/14/2019,7:30:00,PM,0
7/14/2019,7:45:00,PM,0
7/14/2019,8:00:00,PM,0
7/14/2019,8:15:00,PM,0
7/14/2019,8:30:00,PM,0
7/14/2019,8:45:00,PM,0
7/14/2019,9:00:00,PM,0
7/14/2019,9:15:00,PM,0
7/14/2019,9:30:00,PM,0
7/14/2019,9:45:00,PM,0
7/14/2019,10:00:00,PM,0
7/14/2019,10:15:00,PM,0
7/14/2019,10:30:00,PM,0
7/14/2019,10:45:00,PM,0
7/14/2019,11:00:00,PM,0
7/14/2019,11:15:00,PM,0
7/14/2019,11:30:00,PM,0
7/14/2019,11:45:00,PM,0
7/14/2019,12:00:00,AM,0
7/14/2019,12:15:00,AM,0
7/14/2019,12:30:00,AM,0
7/14/2019,12:45:00,AM,0
7/14/2019,1:00:00,AM,0
7/14/2019,1:15:00,AM,0
7/14/2019,1:30:00,AM,0
7/14/2019,1:45:00,AM,0
7/14/2019,2:00:00,AM,0
7/14/2019,2:15:00,AM,0
7/14/2019,2:30:00,AM,0
7/14/2019,2:45:00,AM,0
7/14/2019,3:00:00,AM,0
7/14/2019,3:15:00,AM,0
7/14/2019,3:30:00,AM,0
7/14/2019,3:45:00,AM,0
7/14/2019,4:00:00,AM,0
7/14/2019,4:15:00,AM,0
7/14/2019,4:30:00,AM,0
7/14/2019,4:45:00,AM,0
7/14/2019,5:00:00,AM,0
7/14/2019,5:15:00,AM,0
7/14/2019,5:30:00,AM,0
7/14/2019,5:45:00,AM,0
7/14/2019,6:00:00,AM,0
7/14/2019,6:15:00,AM,0
7/14/2019,6:30:00,AM,0
7/14/2019,6:45:00,AM,0
7/14/2019,7:00:00,AM,0
7/14/2019,7:15:00,AM,0
7/14/2019,7:30:00,AM,0
7/14/2019,7:45:00,AM,0
7/14/2019,8:00:00,AM,0
7/14/2019,8:15:00,AM,0
7/14/2019,8:30:00,AM,0
7/14/2019,8:45:00,AM,0
7/14/2019,9:00:00,AM,0
7/14/2019,9:15:00,AM,0
7/14/2019,9:30:00,AM,0
7/14/2019,9:45:00,AM,0
7/14/2019,10:00:00,AM,0
7/14/2019,10:15:00,AM,0
7/14/2019,10:30:00,AM,0
7/14/2019,10:45:00,AM,0
7/14/2019,11:00:00,AM,0
7/14/2019,11:15:00,AM,0
7/14/2019,11:30:00,AM,0
7/14/2019,11:45:00,AM,0
7/14/2019,12:00:00,PM,0
7/14/2019,12:15:00,PM,0
7/14/2019,12:30:00,PM,0
7/14/2019,12:45:00,PM,0
7/14/2019,1:00:00,PM,0
7/14/2019,1:15:00,PM,0
7/14/2019,1:30:00,PM,0
7/14/2019,1:45:00,PM,0
7/14/2019,2:00:00,PM,0
7/14/2019,2:15:00,PM,0
7/14/2019,2:30:00,PM,0
7/14/2019,2:45:00,PM,0
7/14/2019,3:00:00,PM,0
7/14/2019,3:15:00,PM,0
7/14/2019,3:30:00,PM,0
7/14/2019,3:45:00,PM,0
7/14/2019,4:00:00,PM,0
7/14/2019,4:15:00,PM,0
7/14/2019,4:30:00,PM,0
7/14/2019,4:45:00,PM,0
7/14/2019,5:00:00,PM,0
7/14/2019,5:15:00,PM,0
7/14/2019,5:30:00,PM,0
7/14/2019,5:45:00,PM,0
7/14/2019,6:00:00,PM,0
7/14/2019,6:15:00,PM,0
7/14/2019,6:30:00,PM,0
7/14/2019,6:45:00,PM,0
7/14/2019,7:00:00,PM,0
7/14/2019,7:15:00,PM,0
7/14/2019,7:30:00,PM,0
7/14/2019,7:45:00,PM,0
7/14/2019,8:00:00,PM,0
7/14/2019,8:15:00,PM,0
7/14/2019,8:30:00,PM,0
7/14/2019,8:45:00,PM,0
7/14/2019,9:00:00,PM,0
7/14/2019,9:15:00,PM,0
7/14/2019,9:30:00,PM,0
7/14/2019,9:45:00,PM,0
7/14/2019,10:00:00,PM,0
7/14/2019,10:15:00,PM,0
7/14/2019,10:30:00,PM,0
7/14/2019,10:45:00,PM,0
7/14/2019,11:00:00,PM,0
7/14/2019,11:15:00,PM,0
7/14/2019,11:30:00,PM,0
7/14/2019,11:45:00,PM,0
7/15/2019,12:00:00,AM,39.97
7/15/2019,12:15:00,AM,39.05
7/15/2019,12:30:00,AM,39.65
7/15/2019,12:45:00,AM,40.58
7/15/2019,1:00:00,AM,71.17
7/15/2019,1:15:00,AM,4.08
7/15/2019,1:30:00,AM,3.4
7/15/2019,1:45:00,AM,3.53
7/15/2019,2:00:00,AM,3.5
7/15/2019,2:15:00,AM,3.56
7/15/2019,2:30:00,AM,3.48
7/15/2019,2:45:00,AM,3.55
7/15/2019,3:00:00,AM,3.23
7/15/2019,3:15:00,AM,3.51
7/15/2019,3:30:00,AM,3.57
7/15/2019,3:45:00,AM,3.54
7/15/2019,4:00:00,AM,3.31
7/15/2019,4:15:00,AM,3.14
7/15/2019,4:30:00,AM,3.17
7/15/2019,4:45:00,AM,3.27
7/15/2019,5:00:00,AM,3.16
7/15/2019,5:15:00,AM,3.13
7/15/2019,5:30:00,AM,10.15
7/15/2019,5:45:00,AM,4.18
7/15/2019,6:00:00,AM,4.02
7/15/2019,6:15:00,AM,3.89
7/15/2019,6:30:00,AM,3.82
7/15/2019,6:45:00,AM,4
7/15/2019,7:00:00,AM,4.21
7/15/2019,7:15:00,AM,234.1
7/15/2019,7:30:00,AM,35.51
7/15/2019,7:45:00,AM,35.32
7/15/2019,8:00:00,AM,36.85
7/15/2019,8:15:00,AM,36.13
7/15/2019,8:30:00,AM,35.75
7/15/2019,8:45:00,AM,36.21
7/15/2019,9:00:00,AM,35.75
7/15/2019,9:15:00,AM,37.95
7/15/2019,9:30:00,AM,41.51
7/15/2019,9:45:00,AM,38.35
7/15/2019,10:00:00,AM,38.26
7/15/2019,10:15:00,AM,37.78
7/15/2019,10:30:00,AM,37.08
7/15/2019,10:45:00,AM,38.78
7/15/2019,11:00:00,AM,38.54
7/15/2019,11:15:00,AM,38.87
7/15/2019,11:30:00,AM,38.37
7/15/2019,11:45:00,AM,39.16
7/15/2019,12:00:00,PM,38.7
7/15/2019,12:15:00,PM,38.84
7/15/2019,12:30:00,PM,38.13
7/15/2019,12:45:00,PM,39.36
7/15/2019,1:00:00,PM,38.35
7/15/2019,1:15:00,PM,42.21
7/15/2019,1:30:00,PM,38.26
7/15/2019,1:45:00,PM,38.39
7/15/2019,2:00:00,PM,38.22
7/15/2019,2:15:00,PM,41.87
7/15/2019,2:30:00,PM,39.79
7/15/2019,2:45:00,PM,45.74
7/15/2019,3:00:00,PM,40.11
7/15/2019,3:15:00,PM,38.22
7/15/2019,3:30:00,PM,38.11
7/15/2019,3:45:00,PM,38.12
7/15/2019,4:00:00,PM,73.6
7/15/2019,4:15:00,PM,44.06
7/15/2019,4:30:00,PM,36.9
7/15/2019,4:45:00,PM,38.71
7/15/2019,5:00:00,PM,36.57
7/15/2019,5:15:00,PM,40.25
7/15/2019,5:30:00,PM,38.16
7/15/2019,5:45:00,PM,37.06
7/15/2019,6:00:00,PM,38.34
7/15/2019,6:15:00,PM,37.43
7/15/2019,6:30:00,PM,39.12
7/15/2019,6:45:00,PM,37.76
7/15/2019,7:00:00,PM,38.29
7/15/2019,7:15:00,PM,38.04
7/15/2019,7:30:00,PM,38.04
7/15/2019,7:45:00,PM,37.16
7/15/2019,8:00:00,PM,36.16
7/15/2019,8:15:00,PM,37.68
7/15/2019,8:30:00,PM,38.29
7/15/2019,8:45:00,PM,37.27
7/15/2019,9:00:00,PM,38.04
7/15/2019,9:15:00,PM,39.02
7/15/2019,9:30:00,PM,35.57
7/15/2019,9:45:00,PM,35.53
7/15/2019,10:00:00,PM,37.79
7/15/2019,10:15:00,PM,36.41
7/15/2019,10:30:00,PM,36.36
7/15/2019,10:45:00,PM,37.37
7/15/2019,11:00:00,PM,48.4
7/15/2019,11:15:00,PM,36.64
7/15/2019,11:30:00,PM,35.3
7/15/2019,11:45:00,PM,18.41
7/16/2019,12:00:00,AM,18.41
7/16/2019,12:15:00,AM,16.6
7/16/2019,12:30:00,AM,17.67
7/16/2019,12:45:00,AM,17.57
7/16/2019,1:00:00,AM,21.33
7/16/2019,1:15:00,AM,17.03
7/16/2019,1:30:00,AM,19.46
7/16/2019,1:45:00,AM,17.26
7/16/2019,2:00:00,AM,17.32
7/16/2019,2:15:00,AM,16.77
7/16/2019,2:30:00,AM,16.61
7/16/2019,2:45:00,AM,17.2
7/16/2019,3:00:00,AM,16.16
7/16/2019,3:15:00,AM,17.33
7/16/2019,3:30:00,AM,16.94
7/16/2019,3:45:00,AM,17.08
7/16/2019,4:00:00,AM,15.23
7/16/2019,4:15:00,AM,14.9
7/16/2019,4:30:00,AM,15.06
7/16/2019,4:45:00,AM,16.01
7/16/2019,5:00:00,AM,16.17
7/16/2019,5:15:00,AM,15.18
7/16/2019,5:30:00,AM,34.75
7/16/2019,5:45:00,AM,17.91
7/16/2019,6:00:00,AM,3.51
7/16/2019,6:15:00,AM,3.18
7/16/2019,6:30:00,AM,3.32
7/16/2019,6:45:00,AM,3.47
7/16/2019,7:00:00,AM,86.85
7/16/2019,7:15:00,AM,66.47
7/16/2019,7:30:00,AM,14.56
7/16/2019,7:45:00,AM,15.98
7/16/2019,8:00:00,AM,15.62
7/16/2019,8:15:00,AM,15.88
7/16/2019,8:30:00,AM,15.98
7/16/2019,8:45:00,AM,16.31
7/16/2019,9:00:00,AM,15.7
7/16/2019,9:15:00,AM,16.18
7/16/2019,9:30:00,AM,17.52
7/16/2019,9:45:00,AM,15.73
7/16/2019,10:00:00,AM,15.91
7/16/2019,10:15:00,AM,16.32
7/16/2019,10:30:00,AM,16.12
7/16/2019,10:45:00,AM,16.24
7/16/2019,11:00:00,AM,15.59
7/16/2019,11:15:00,AM,15.87
7/16/2019,11:30:00,AM,14.88
7/16/2019,11:45:00,AM,15.83
7/16/2019,12:00:00,PM,15.72
7/16/2019,12:15:00,PM,15.25
7/16/2019,12:30:00,PM,15.66
7/16/2019,12:45:00,PM,15.51
7/16/2019,1:00:00,PM,16.02
7/16/2019,1:15:00,PM,15.39
7/16/2019,1:30:00,PM,16.31
7/16/2019,1:45:00,PM,15.97
7/16/2019,2:00:00,PM,15.99
7/16/2019,2:15:00,PM,16.16
7/16/2019,2:30:00,PM,16.36
7/16/2019,2:45:00,PM,16.65
7/16/2019,3:00:00,PM,15.8
7/16/2019,3:15:00,PM,17.23
7/16/2019,3:30:00,PM,18.19
7/16/2019,3:45:00,PM,15.95
7/16/2019,4:00:00,PM,16.86
7/16/2019,4:15:00,PM,17.33
7/16/2019,4:30:00,PM,15.41
7/16/2019,4:45:00,PM,16.71
7/16/2019,5:00:00,PM,25.41
7/16/2019,5:15:00,PM,17.89
7/16/2019,5:30:00,PM,17.36
7/16/2019,5:45:00,PM,16.37
7/16/2019,6:00:00,PM,16.67
7/16/2019,6:15:00,PM,16.53
7/16/2019,6:30:00,PM,15.89
7/16/2019,6:45:00,PM,16.89
7/16/2019,7:00:00,PM,17.12
7/16/2019,7:15:00,PM,16.41
7/16/2019,7:30:00,PM,16.91
7/16/2019,7:45:00,PM,16.76
7/16/2019,8:00:00,PM,17.24
7/16/2019,8:15:00,PM,18.01
7/16/2019,8:30:00,PM,17.97
7/16/2019,8:45:00,PM,17.66
7/16/2019,9:00:00,PM,17.01
7/16/2019,9:15:00,PM,16.74
7/16/2019,9:30:00,PM,16.76
7/16/2019,9:45:00,PM,17.26
7/16/2019,10:00:00,PM,17.87
7/16/2019,10:15:00,PM,23.86
7/16/2019,10:30:00,PM,16.65
7/16/2019,10:45:00,PM,17.99
7/16/2019,11:00:00,PM,17.29
7/16/2019,11:15:00,PM,17.2
7/16/2019,11:30:00,PM,17.48
7/16/2019,11:45:00,PM,18.18
7/17/2019,12:00:00,AM,18.99
7/17/2019,12:15:00,AM,16.81
7/17/2019,12:30:00,AM,17.48
7/17/2019,12:45:00,AM,17.39
7/17/2019,1:00:00,AM,21.11
7/17/2019,1:15:00,AM,17.44
7/17/2019,1:30:00,AM,19.48
7/17/2019,1:45:00,AM,16.28
7/17/2019,2:00:00,AM,16.7
7/17/2019,2:15:00,AM,17.09
7/17/2019,2:30:00,AM,17
7/17/2019,2:45:00,AM,16.04
7/17/2019,3:00:00,AM,16.12
7/17/2019,3:15:00,AM,17.04
7/17/2019,3:30:00,AM,16.68
7/17/2019,3:45:00,AM,16.7
7/17/2019,4:00:00,AM,15.76
7/17/2019,4:15:00,AM,15.26
7/17/2019,4:30:00,AM,15.52
7/17/2019,4:45:00,AM,17.52
7/17/2019,5:00:00,AM,16
7/17/2019,5:15:00,AM,15.4
7/17/2019,5:30:00,AM,22
7/17/2019,5:45:00,AM,38.12
7/17/2019,6:00:00,AM,2.73
7/17/2019,6:15:00,AM,2.64
7/17/2019,6:30:00,AM,2.58
7/17/2019,6:45:00,AM,2.52
7/17/2019,7:00:00,AM,94.39
7/17/2019,7:15:00,AM,69.71
7/17/2019,7:30:00,AM,16.36
7/17/2019,7:45:00,AM,16.74
7/17/2019,8:00:00,AM,16.94
7/17/2019,8:15:00,AM,16.76
7/17/2019,8:30:00,AM,16.63
7/17/2019,8:45:00,AM,16.76
7/17/2019,9:00:00,AM,16.55
7/17/2019,9:15:00,AM,16.53
7/17/2019,9:30:00,AM,18.2
7/17/2019,9:45:00,AM,17.71
7/17/2019,10:00:00,AM,17.25
7/17/2019,10:15:00,AM,17.42
7/17/2019,10:30:00,AM,17.31
7/17/2019,10:45:00,AM,17.46
7/17/2019,11:00:00,AM,16.36
7/17/2019,11:15:00,AM,16.91
7/17/2019,11:30:00,AM,17.39
7/17/2019,11:45:00,AM,17.23
7/17/2019,12:00:00,PM,17.05
7/17/2019,12:15:00,PM,17.24
7/17/2019,12:30:00,PM,16.61
7/17/2019,12:45:00,PM,17.74
7/17/2019,1:00:00,PM,17.72
7/17/2019,1:15:00,PM,17.41
7/17/2019,1:30:00,PM,16.98
7/17/2019,1:45:00,PM,22.74
7/17/2019,2:00:00,PM,36.8
7/17/2019,2:15:00,PM,18.55
7/17/2019,2:30:00,PM,17.96
7/17/2019,2:45:00,PM,20.42
7/17/2019,3:00:00,PM,27.77
7/17/2019,3:15:00,PM,19.33
7/17/2019,3:30:00,PM,21.12
7/17/2019,3:45:00,PM,20.51
7/17/2019,4:00:00,PM,21.03
7/17/2019,4:15:00,PM,18.36
7/17/2019,4:30:00,PM,17.86
7/17/2019,4:45:00,PM,17.46
7/17/2019,5:00:00,PM,17.93
7/17/2019,5:15:00,PM,17.92
7/17/2019,5:30:00,PM,18.07
7/17/2019,5:45:00,PM,19.54
7/17/2019,6:00:00,PM,19.5
7/17/2019,6:15:00,PM,18.67
7/17/2019,6:30:00,PM,18.68
7/17/2019,6:45:00,PM,18.58
7/17/2019,7:00:00,PM,17.97
7/17/2019,7:15:00,PM,18.28
7/17/2019,7:30:00,PM,19.61
7/17/2019,7:45:00,PM,17.57
7/17/2019,8:00:00,PM,18.09
7/17/2019,8:15:00,PM,16.72
7/17/2019,8:30:00,PM,18.73
7/17/2019,8:45:00,PM,19.44
7/17/2019,9:00:00,PM,19.64
7/17/2019,9:15:00,PM,18.99
7/17/2019,9:30:00,PM,17.13
7/17/2019,9:45:00,PM,22.36
7/17/2019,10:00:00,PM,18.11
7/17/2019,10:15:00,PM,18.47
7/17/2019,10:30:00,PM,17.83
7/17/2019,10:45:00,PM,17.54
7/17/2019,11:00:00,PM,18.39
7/17/2019,11:15:00,PM,17.4
7/17/2019,11:30:00,PM,17.68
7/17/2019,11:45:00,PM,18.76
7/18/2019,12:00:00,AM,17.72
7/18/2019,12:15:00,AM,15.2
7/18/2019,12:30:00,AM,15.42
7/18/2019,12:45:00,AM,16.1
7/18/2019,1:00:00,AM,23.25
7/18/2019,1:15:00,AM,18.16
7/18/2019,1:30:00,AM,21.42
7/18/2019,1:45:00,AM,14.59
7/18/2019,2:00:00,AM,14.68
7/18/2019,2:15:00,AM,14.63
7/18/2019,2:30:00,AM,17.9
7/18/2019,2:45:00,AM,5.48
7/18/2019,3:00:00,AM,16.86
7/18/2019,3:15:00,AM,14.04
7/18/2019,3:30:00,AM,17.82
7/18/2019,3:45:00,AM,18.43
7/18/2019,4:00:00,AM,11.25
7/18/2019,4:15:00,AM,13.96
7/18/2019,4:30:00,AM,14.67
7/18/2019,4:45:00,AM,18.08
7/18/2019,5:00:00,AM,14.58
7/18/2019,5:15:00,AM,14.66
7/18/2019,5:30:00,AM,18.2
7/18/2019,5:45:00,AM,48.29
7/18/2019,6:00:00,AM,2.55
7/18/2019,6:15:00,AM,0.99
7/18/2019,6:30:00,AM,0.83
7/18/2019,6:45:00,AM,0.77
7/18/2019,7:00:00,AM,101.57
7/18/2019,7:15:00,AM,65.46
7/18/2019,7:30:00,AM,14.62
7/18/2019,7:45:00,AM,15.63
7/18/2019,8:00:00,AM,15.24
7/18/2019,8:15:00,AM,15.52
7/18/2019,8:30:00,AM,19.61
7/18/2019,8:45:00,AM,18.14
7/18/2019,9:00:00,AM,18.43
7/18/2019,9:15:00,AM,14.33
7/18/2019,9:30:00,AM,15.25
7/18/2019,9:45:00,AM,13.92
7/18/2019,10:00:00,AM,18.5
7/18/2019,10:15:00,AM,5.45
7/18/2019,10:30:00,AM,17.93
7/18/2019,10:45:00,AM,14.45
7/18/2019,11:00:00,AM,18.62
7/18/2019,11:15:00,AM,18.75
7/18/2019,11:30:00,AM,12.63
7/18/2019,11:45:00,AM,16.09
7/18/2019,12:00:00,PM,16.81
7/18/2019,12:15:00,PM,19.31
7/18/2019,12:30:00,PM,15.99
7/18/2019,12:45:00,PM,17.69
7/18/2019,1:00:00,PM,19.09
7/18/2019,1:15:00,PM,18.01
7/18/2019,1:30:00,PM,17.08
7/18/2019,1:45:00,PM,15.91
7/18/2019,2:00:00,PM,16.97
7/18/2019,2:15:00,PM,18.84
7/18/2019,2:30:00,PM,17.13
7/18/2019,2:45:00,PM,18.55
7/18/2019,3:00:00,PM,23.25
7/18/2019,3:15:00,PM,17.16
7/18/2019,3:30:00,PM,16.58
7/18/2019,3:45:00,PM,22.67
7/18/2019,4:00:00,PM,27.6
7/18/2019,4:15:00,PM,21.35
7/18/2019,4:30:00,PM,23.26
7/18/2019,4:45:00,PM,17.57
7/18/2019,5:00:00,PM,24.44
7/18/2019,5:15:00,PM,19.38
7/18/2019,5:30:00,PM,21.66
7/18/2019,5:45:00,PM,7.72
7/18/2019,6:00:00,PM,19.36
7/18/2019,6:15:00,PM,16.73
7/18/2019,6:30:00,PM,23.87
7/18/2019,6:45:00,PM,21.32
7/18/2019,7:00:00,PM,14.83
7/18/2019,7:15:00,PM,17.78
7/18/2019,7:30:00,PM,26.28
7/18/2019,7:45:00,PM,20.69
7/18/2019,8:00:00,PM,17.84
7/18/2019,8:15:00,PM,18.91
7/18/2019,8:30:00,PM,19.98
7/18/2019,8:45:00,PM,21.69
7/18/2019,9:00:00,PM,19.53
7/18/2019,9:15:00,PM,19.31
7/18/2019,9:30:00,PM,20.17
7/18/2019,9:45:00,PM,19.02
7/18/2019,10:00:00,PM,17.67
7/18/2019,10:15:00,PM,20.35
7/18/2019,10:30:00,PM,19.59
7/18/2019,10:45:00,PM,20.3
7/18/2019,11:00:00,PM,18.78
7/18/2019,11:15:00,PM,20.33
7/18/2019,11:30:00,PM,23.9
7/18/2019,11:45:00,PM,20.94
7/19/2019,12:00:00,AM,22.49
7/19/2019,12:15:00,AM,15.48
7/19/2019,12:30:00,AM,17.7
7/19/2019,12:45:00,AM,17.83
7/19/2019,1:00:00,AM,24.24
7/19/2019,1:15:00,AM,9.18
7/19/2019,1:30:00,AM,23.68
7/19/2019,1:45:00,AM,17.77
7/19/2019,2:00:00,AM,21.27
7/19/2019,2:15:00,AM,22.51
7/19/2019,2:30:00,AM,17.08
7/19/2019,2:45:00,AM,20.09
7/19/2019,3:00:00,AM,18.67
7/19/2019,3:15:00,AM,22.97
7/19/2019,3:30:00,AM,18.16
7/19/2019,3:45:00,AM,20.45
7/19/2019,4:00:00,AM,17.76
7/19/2019,4:15:00,AM,17.44
7/19/2019,4:30:00,AM,16.79
7/19/2019,4:45:00,AM,16.33
7/19/2019,5:00:00,AM,15.6
7/19/2019,5:15:00,AM,14.68
7/19/2019,5:30:00,AM,25.18
7/19/2019,5:45:00,AM,37.49
7/19/2019,6:00:00,AM,16.85
7/19/2019,6:15:00,AM,0.9
7/19/2019,6:30:00,AM,0.9
7/19/2019,6:45:00,AM,0.93
7/19/2019,7:00:00,AM,127.32
7/19/2019,7:15:00,AM,82.58
7/19/2019,7:30:00,AM,23.27
7/19/2019,7:45:00,AM,19.47
7/19/2019,8:00:00,AM,18.39
7/19/2019,8:15:00,AM,19.16
7/19/2019,8:30:00,AM,23.26
7/19/2019,8:45:00,AM,10.24
7/19/2019,9:00:00,AM,19.84
7/19/2019,9:15:00,AM,18.24
7/19/2019,9:30:00,AM,20.85
7/19/2019,9:45:00,AM,22.23
7/19/2019,10:00:00,AM,15.85
7/19/2019,10:15:00,AM,19.17
7/19/2019,10:30:00,AM,20.17
7/19/2019,10:45:00,AM,22.38
7/19/2019,11:00:00,AM,18.32
7/19/2019,11:15:00,AM,20.16
7/19/2019,11:30:00,AM,21.04
7/19/2019,11:45:00,AM,21.1
7/19/2019,12:00:00,PM,19.74
7/19/2019,12:15:00,PM,19.57
7/19/2019,12:30:00,PM,19.23
7/19/2019,12:45:00,PM,18.17
7/19/2019,1:00:00,PM,17.99
7/19/2019,1:15:00,PM,18.31
7/19/2019,1:30:00,PM,17.79
7/19/2019,1:45:00,PM,16.55
7/19/2019,2:00:00,PM,17.66
7/19/2019,2:15:00,PM,22.09
7/19/2019,2:30:00,PM,23.09
7/19/2019,2:45:00,PM,22.09
7/19/2019,3:00:00,PM,21.72
7/19/2019,3:15:00,PM,16.86
7/19/2019,3:30:00,PM,16.85
7/19/2019,3:45:00,PM,18.15
7/19/2019,4:00:00,PM,22.53
7/19/2019,4:15:00,PM,10.39
7/19/2019,4:30:00,PM,21.71
7/19/2019,4:45:00,PM,18.6
7/19/2019,5:00:00,PM,29.43
7/19/2019,5:15:00,PM,20.59
7/19/2019,5:30:00,PM,16.38
7/19/2019,5:45:00,PM,19.08
7/19/2019,6:00:00,PM,18.66
7/19/2019,6:15:00,PM,20.95
7/19/2019,6:30:00,PM,16.69
7/19/2019,6:45:00,PM,19.11
7/19/2019,7:00:00,PM,21.28
7/19/2019,7:15:00,PM,20.09
7/19/2019,7:30:00,PM,19.23
7/19/2019,7:45:00,PM,24.23
7/19/2019,8:00:00,PM,17.03
7/19/2019,8:15:00,PM,18.73
7/19/2019,8:30:00,PM,17.67
7/19/2019,8:45:00,PM,15.9
7/19/2019,9:00:00,PM,15.44
7/19/2019,9:15:00,PM,15.21
7/19/2019,9:30:00,PM,16.88
7/19/2019,9:45:00,PM,15.25
7/19/2019,10:00:00,PM,19.22
7/19/2019,10:15:00,PM,25.76
7/19/2019,10:30:00,PM,18.4
7/19/2019,10:45:00,PM,16.04
7/19/2019,11:00:00,PM,13.73
7/19/2019,11:15:00,PM,14.91
7/19/2019,11:30:00,PM,18.2
7/19/2019,11:45:00,PM,5.2
7/20/2019,12:00:00,AM,0
7/20/2019,12:15:00,AM,0
7/20/2019,12:30:00,AM,0
7/20/2019,12:45:00,AM,0
7/20/2019,1:00:00,AM,0
7/20/2019,1:15:00,AM,0
7/20/2019,1:30:00,AM,0
7/20/2019,1:45:00,AM,0
7/20/2019,2:00:00,AM,0
7/20/2019,2:15:00,AM,0
7/20/2019,2:30:00,AM,0
7/20/2019,2:45:00,AM,0
7/20/2019,3:00:00,AM,0
7/20/2019,3:15:00,AM,0
7/20/2019,3:30:00,AM,0
7/20/2019,3:45:00,AM,0
7/20/2019,4:00:00,AM,0
7/20/2019,4:15:00,AM,0
7/20/2019,4:30:00,AM,0
7/20/2019,4:45:00,AM,0
7/20/2019,5:00:00,AM,0
7/20/2019,5:15:00,AM,0
7/20/2019,5:30:00,AM,0
7/20/2019,5:45:00,AM,0
7/20/2019,6:00:00,AM,0
7/20/2019,6:15:00,AM,0
7/20/2019,6:30:00,AM,0
7/20/2019,6:45:00,AM,0
7/20/2019,7:00:00,AM,0
7/20/2019,7:15:00,AM,0
7/20/2019,7:30:00,AM,0
7/20/2019,7:45:00,AM,0
7/20/2019,8:00:00,AM,0
7/20/2019,8:15:00,AM,0
7/20/2019,8:30:00,AM,0
7/20/2019,8:45:00,AM,0
7/20/2019,9:00:00,AM,0
7/20/2019,9:15:00,AM,0
7/20/2019,9:30:00,AM,0
7/20/2019,9:45:00,AM,0
7/20/2019,10:00:00,AM,0
7/20/2019,10:15:00,AM,0
7/20/2019,10:30:00,AM,0
7/20/2019,10:45:00,AM,0
7/20/2019,11:00:00,AM,0
7/20/2019,11:15:00,AM,0
7/20/2019,11:30:00,AM,0
7/20/2019,11:45:00,AM,0
7/20/2019,12:00:00,PM,0
7/20/2019,12:15:00,PM,0
7/20/2019,12:30:00,PM,0
7/20/2019,12:45:00,PM,0
7/20/2019,1:00:00,PM,0
7/20/2019,1:15:00,PM,0
7/20/2019,1:30:00,PM,0
7/20/2019,1:45:00,PM,0
7/20/2019,2:00:00,PM,0
7/20/2019,2:15:00,PM,0
7/20/2019,2:30:00,PM,0
7/20/2019,2:45:00,PM,0
7/20/2019,3:00:00,PM,0
7/20/2019,3:15:00,PM,0
7/20/2019,3:30:00,PM,0
7/20/2019,3:45:00,PM,0
7/20/2019,4:00:00,PM,0
7/20/2019,4:15:00,PM,0
7/20/2019,4:30:00,PM,0
7/20/2019,4:45:00,PM,0
7/20/2019,5:00:00,PM,0
7/20/2019,5:15:00,PM,0
7/20/2019,5:30:00,PM,0
7/20/2019,5:45:00,PM,0
7/20/2019,6:00:00,PM,0
7/20/2019,6:15:00,PM,0
7/20/2019,6:30:00,PM,0
7/20/2019,6:45:00,PM,0
7/20/2019,7:00:00,PM,0
7/20/2019,7:15:00,PM,0
7/20/2019,7:30:00,PM,0
7/20/2019,7:45:00,PM,0
7/20/2019,8:00:00,PM,0
7/20/2019,8:15:00,PM,0
7/20/2019,8:30:00,PM,0
7/20/2019,8:45:00,PM,0
7/20/2019,9:00:00,PM,0
7/20/2019,9:15:00,PM,0
7/20/2019,9:30:00,PM,0
7/20/2019,9:45:00,PM,0
7/20/2019,10:00:00,PM,0
7/20/2019,10:15:00,PM,0
7/20/2019,10:30:00,PM,0
7/20/2019,10:45:00,PM,0
7/20/2019,11:00:00,PM,0
7/20/2019,11:15:00,PM,0
7/20/2019,11:30:00,PM,0
7/20/2019,11:45:00,PM,0
7/21/2019,12:00:00,AM,0
7/21/2019,12:15:00,AM,0
7/21/2019,12:30:00,AM,0
7/21/2019,12:45:00,AM,0
7/21/2019,1:00:00,AM,0
7/21/2019,1:15:00,AM,0
7/21/2019,1:30:00,AM,0
7/21/2019,1:45:00,AM,0
7/21/2019,2:00:00,AM,0
7/21/2019,2:15:00,AM,0
7/21/2019,2:30:00,AM,0
7/21/2019,2:45:00,AM,0
7/21/2019,3:00:00,AM,0
7/21/2019,3:15:00,AM,0
7/21/2019,3:30:00,AM,0
7/21/2019,3:45:00,AM,0
7/21/2019,4:00:00,AM,0
7/21/2019,4:15:00,AM,0
7/21/2019,4:30:00,AM,0
7/21/2019,4:45:00,AM,0
7/21/2019,5:00:00,AM,0
7/21/2019,5:15:00,AM,0
7/21/2019,5:30:00,AM,0
7/21/2019,5:45:00,AM,0
7/21/2019,6:00:00,AM,0
7/21/2019,6:15:00,AM,0
7/21/2019,6:30:00,AM,0
7/21/2019,6:45:00,AM,0
7/21/2019,7:00:00,AM,0
7/21/2019,7:15:00,AM,0
7/21/2019,7:30:00,AM,0
7/21/2019,7:45:00,AM,0
7/21/2019,8:00:00,AM,0
7/21/2019,8:15:00,AM,0
7/21/2019,8:30:00,AM,0
7/21/2019,8:45:00,AM,0
7/21/2019,9:00:00,AM,0
7/21/2019,9:15:00,AM,0
7/21/2019,9:30:00,AM,0
7/21/2019,9:45:00,AM,0
7/21/2019,10:00:00,AM,0
7/21/2019,10:15:00,AM,0
7/21/2019,10:30:00,AM,0
7/21/2019,10:45:00,AM,0
7/21/2019,11:00:00,AM,0
7/21/2019,11:15:00,AM,0
7/21/2019,11:30:00,AM,0
7/21/2019,11:45:00,AM,0
7/21/2019,12:00:00,PM,0
7/21/2019,12:15:00,PM,0
7/21/2019,12:30:00,PM,0
7/21/2019,12:45:00,PM,0
7/21/2019,1:00:00,PM,0
7/21/2019,1:15:00,PM,0
7/21/2019,1:30:00,PM,0
7/21/2019,1:45:00,PM,0
7/21/2019,2:00:00,PM,0
7/21/2019,2:15:00,PM,0
7/21/2019,2:30:00,PM,0
7/21/2019,2:45:00,PM,0
7/21/2019,3:00:00,PM,0
7/21/2019,3:15:00,PM,0
7/21/2019,3:30:00,PM,0
7/21/2019,3:45:00,PM,0
7/21/2019,4:00:00,PM,0
7/21/2019,4:15:00,PM,0
7/21/2019,4:30:00,PM,0
7/21/2019,4:45:00,PM,0
7/21/2019,5:00:00,PM,0
7/21/2019,5:15:00,PM,0
7/21/2019,5:30:00,PM,0
7/21/2019,5:45:00,PM,0
7/21/2019,6:00:00,PM,0
7/21/2019,6:15:00,PM,0
7/21/2019,6:30:00,PM,0
7/21/2019,6:45:00,PM,0
7/21/2019,7:00:00,PM,0
7/21/2019,7:15:00,PM,0
7/21/2019,7:30:00,PM,0
7/21/2019,7:45:00,PM,0
7/21/2019,8:00:00,PM,0
7/21/2019,8:15:00,PM,0
7/21/2019,8:30:00,PM,0
7/21/2019,8:45:00,PM,0
7/21/2019,9:00:00,PM,0
7/21/2019,9:15:00,PM,0
7/21/2019,9:30:00,PM,0
7/21/2019,9:45:00,PM,0
7/21/2019,10:00:00,PM,0
7/21/2019,10:15:00,PM,0
7/21/2019,10:30:00,PM,0
7/21/2019,10:45:00,PM,0
7/21/2019,11:00:00,PM,0
7/21/2019,11:15:00,PM,0
7/21/2019,11:30:00,PM,0
7/21/2019,11:45:00,PM,0
7/22/2019,12:00:00,AM,42.32
7/22/2019,12:15:00,AM,34.83
7/22/2019,12:30:00,AM,41.21
7/22/2019,12:45:00,AM,46.96
7/22/2019,1:00:00,AM,68.41
7/22/2019,1:15:00,AM,1.19
7/22/2019,1:30:00,AM,1.71
7/22/2019,1:45:00,AM,4.01
7/22/2019,2:00:00,AM,0.41
7/22/2019,2:15:00,AM,1.72
7/22/2019,2:30:00,AM,3.1
7/22/2019,2:45:00,AM,3.12
7/22/2019,3:00:00,AM,1.68
7/22/2019,3:15:00,AM,1
7/22/2019,3:30:00,AM,0.82
7/22/2019,3:45:00,AM,0.8
7/22/2019,4:00:00,AM,0.8
7/22/2019,4:15:00,AM,0.75
7/22/2019,4:30:00,AM,0.75
7/22/2019,4:45:00,AM,0.78
7/22/2019,5:00:00,AM,0.77
7/22/2019,5:15:00,AM,0.76
7/22/2019,5:30:00,AM,11.32
7/22/2019,5:45:00,AM,3.74
7/22/2019,6:00:00,AM,4.75
7/22/2019,6:15:00,AM,0.74
7/22/2019,6:30:00,AM,0.4
7/22/2019,6:45:00,AM,0.78
7/22/2019,7:00:00,AM,45.25
7/22/2019,7:15:00,AM,211.39
7/22/2019,7:30:00,AM,33.34
7/22/2019,7:45:00,AM,31.1
7/22/2019,8:00:00,AM,34.2
7/22/2019,8:15:00,AM,35.79
7/22/2019,8:30:00,AM,29.81
7/22/2019,8:45:00,AM,33.05
7/22/2019,9:00:00,AM,33.04
7/22/2019,9:15:00,AM,35.93
7/22/2019,9:30:00,AM,36.64
7/22/2019,9:45:00,AM,34.39
7/22/2019,10:00:00,AM,34.35
7/22/2019,10:15:00,AM,34.71
7/22/2019,10:30:00,AM,33.85
7/22/2019,10:45:00,AM,33.6
7/22/2019,11:00:00,AM,33.16
7/22/2019,11:15:00,AM,32.84
7/22/2019,11:30:00,AM,33.41
7/22/2019,11:45:00,AM,33.9
7/22/2019,12:00:00,PM,33.11
7/22/2019,12:15:00,PM,33.51
7/22/2019,12:30:00,PM,33.4
7/22/2019,12:45:00,PM,33.68
7/22/2019,1:00:00,PM,37.2
7/22/2019,1:15:00,PM,36.4
7/22/2019,1:30:00,PM,36.46
7/22/2019,1:45:00,PM,32.78
7/22/2019,2:00:00,PM,33.95
7/22/2019,2:15:00,PM,32.7
7/22/2019,2:30:00,PM,35.92
7/22/2019,2:45:00,PM,23.09
7/22/2019,3:00:00,PM,36.42
7/22/2019,3:15:00,PM,32.57
7/22/2019,3:30:00,PM,36.04
7/22/2019,3:45:00,PM,39.42
7/22/2019,4:00:00,PM,34.61
7/22/2019,4:15:00,PM,41.14
7/22/2019,4:30:00,PM,36.73
7/22/2019,4:45:00,PM,38.63
7/22/2019,5:00:00,PM,36.49
7/22/2019,5:15:00,PM,35.32
7/22/2019,5:30:00,PM,35.76
7/22/2019,5:45:00,PM,36.51
7/22/2019,6:00:00,PM,32.84
7/22/2019,6:15:00,PM,33.62
7/22/2019,6:30:00,PM,33.32
7/22/2019,6:45:00,PM,33.58
7/22/2019,7:00:00,PM,36.14
7/22/2019,7:15:00,PM,33.88
7/22/2019,7:30:00,PM,35.32
7/22/2019,7:45:00,PM,41.23
7/22/2019,8:00:00,PM,33.35
7/22/2019,8:15:00,PM,33.4
7/22/2019,8:30:00,PM,36.95
7/22/2019,8:45:00,PM,34.9
7/22/2019,9:00:00,PM,35.87
7/22/2019,9:15:00,PM,31.78
7/22/2019,9:30:00,PM,32.62
7/22/2019,9:45:00,PM,31.5
7/22/2019,10:00:00,PM,36.7
7/22/2019,10:15:00,PM,23.83
7/22/2019,10:30:00,PM,33.83
7/22/2019,10:45:00,PM,31.85
7/22/2019,11:00:00,PM,65.86
7/22/2019,11:15:00,PM,24.98
7/22/2019,11:30:00,PM,17.35
7/22/2019,11:45:00,PM,17.15
7/23/2019,12:00:00,AM,18.04
7/23/2019,12:15:00,AM,18.43
7/23/2019,12:30:00,AM,15.66
7/23/2019,12:45:00,AM,16.85
7/23/2019,1:00:00,AM,21.4
7/23/2019,1:15:00,AM,18.09
7/23/2019,1:30:00,AM,18.86
7/23/2019,1:45:00,AM,15.55
7/23/2019,2:00:00,AM,15.23
7/23/2019,2:15:00,AM,14.99
7/23/2019,2:30:00,AM,14.84
7/23/2019,2:45:00,AM,15.38
7/23/2019,3:00:00,AM,14.72
7/23/2019,3:15:00,AM,15.69
7/23/2019,3:30:00,AM,15.19
7/23/2019,3:45:00,AM,15.36
7/23/2019,4:00:00,AM,17.62
7/23/2019,4:15:00,AM,16.16
7/23/2019,4:30:00,AM,17
7/23/2019,4:45:00,AM,14.12
7/23/2019,5:00:00,AM,13.81
7/23/2019,5:15:00,AM,13.47
7/23/2019,5:30:00,AM,52.04
7/23/2019,5:45:00,AM,0.49
7/23/2019,6:00:00,AM,3.08
7/23/2019,6:15:00,AM,0.38
7/23/2019,6:30:00,AM,3.22
7/23/2019,6:45:00,AM,3.83
7/23/2019,7:00:00,AM,78.19
7/23/2019,7:15:00,AM,61.72
7/23/2019,7:30:00,AM,14.56
7/23/2019,7:45:00,AM,16.72
7/23/2019,8:00:00,AM,13.26
7/23/2019,8:15:00,AM,14.3
7/23/2019,8:30:00,AM,15.9
7/23/2019,8:45:00,AM,15.83
7/23/2019,9:00:00,AM,14.14
7/23/2019,9:15:00,AM,22.22
7/23/2019,9:30:00,AM,16.2
7/23/2019,9:45:00,AM,14.39
7/23/2019,10:00:00,AM,14.58
7/23/2019,10:15:00,AM,14.76
7/23/2019,10:30:00,AM,15.13
7/23/2019,10:45:00,AM,14
7/23/2019,11:00:00,AM,14.73
7/23/2019,11:15:00,AM,14.28
7/23/2019,11:30:00,AM,19.8
7/23/2019,11:45:00,AM,17.54
7/23/2019,12:00:00,PM,18.16
7/23/2019,12:15:00,PM,14.48
7/23/2019,12:30:00,PM,20.64
7/23/2019,12:45:00,PM,19.28
7/23/2019,1:00:00,PM,20.47
7/23/2019,1:15:00,PM,6.11
7/23/2019,1:30:00,PM,18.29
7/23/2019,1:45:00,PM,14.65
7/23/2019,2:00:00,PM,18.5
7/23/2019,2:15:00,PM,19.25
7/23/2019,2:30:00,PM,14.61
7/23/2019,2:45:00,PM,18.18
7/23/2019,3:00:00,PM,17.88
7/23/2019,3:15:00,PM,35.76
7/23/2019,3:30:00,PM,15.88
7/23/2019,3:45:00,PM,16.91
7/23/2019,4:00:00,PM,18.24
7/23/2019,4:15:00,PM,18.2
7/23/2019,4:30:00,PM,18.5
7/23/2019,4:45:00,PM,18.03
7/23/2019,5:00:00,PM,14.76
7/23/2019,5:15:00,PM,16.28
7/23/2019,5:30:00,PM,16.11
7/23/2019,5:45:00,PM,16.01
7/23/2019,6:00:00,PM,16.33
7/23/2019,6:15:00,PM,15.19
7/23/2019,6:30:00,PM,15.26
7/23/2019,6:45:00,PM,15.97
7/23/2019,7:00:00,PM,19.88
7/23/2019,7:15:00,PM,18.89
7/23/2019,7:30:00,PM,19.38
7/23/2019,7:45:00,PM,14.94
7/23/2019,8:00:00,PM,14.69
7/23/2019,8:15:00,PM,15.99
7/23/2019,8:30:00,PM,20.88
7/23/2019,8:45:00,PM,17.29
7/23/2019,9:00:00,PM,22.7
7/23/2019,9:15:00,PM,19.6
7/23/2019,9:30:00,PM,22.41
7/23/2019,9:45:00,PM,24.26
7/23/2019,10:00:00,PM,19.52
7/23/2019,10:15:00,PM,21.65
7/23/2019,10:30:00,PM,23.2
7/23/2019,10:45:00,PM,25.01
7/23/2019,11:00:00,PM,21.73
7/23/2019,11:15:00,PM,21.82
7/23/2019,11:30:00,PM,30.72
7/23/2019,11:45:00,PM,25.47
7/24/2019,12:00:00,AM,26.27
7/24/2019,12:15:00,AM,22.16
7/24/2019,12:30:00,AM,23.13
7/24/2019,12:45:00,AM,23.2
7/24/2019,1:00:00,AM,26.59
7/24/2019,1:15:00,AM,22.95
7/24/2019,1:30:00,AM,25.52
7/24/2019,1:45:00,AM,21.91
7/24/2019,2:00:00,AM,21.99
7/24/2019,2:15:00,AM,21.59
7/24/2019,2:30:00,AM,25.64
7/24/2019,2:45:00,AM,24.17
7/24/2019,3:00:00,AM,24.8
7/24/2019,3:15:00,AM,21.44
7/24/2019,3:30:00,AM,21.36
7/24/2019,3:45:00,AM,21.55
7/24/2019,4:00:00,AM,23.56
7/24/2019,4:15:00,AM,9.98
7/24/2019,4:30:00,AM,22.5
7/24/2019,4:45:00,AM,20.65
7/24/2019,5:00:00,AM,23.98
7/24/2019,5:15:00,AM,23.28
7/24/2019,5:30:00,AM,19.01
7/24/2019,5:45:00,AM,31.46
7/24/2019,6:00:00,AM,33.12
7/24/2019,6:15:00,AM,7.76
7/24/2019,6:30:00,AM,1.29
7/24/2019,6:45:00,AM,1.66
7/24/2019,7:00:00,AM,110.89
7/24/2019,7:15:00,AM,72.41
7/24/2019,7:30:00,AM,22.76
7/24/2019,7:45:00,AM,22.75
7/24/2019,8:00:00,AM,22.07
7/24/2019,8:15:00,AM,22.37
7/24/2019,8:30:00,AM,22.77
7/24/2019,8:45:00,AM,22.49
7/24/2019,9:00:00,AM,21.99
7/24/2019,9:15:00,AM,21.72
7/24/2019,9:30:00,AM,24.67
7/24/2019,9:45:00,AM,22.7
7/24/2019,10:00:00,AM,26.61
7/24/2019,10:15:00,AM,25.1
7/24/2019,10:30:00,AM,26.22
7/24/2019,10:45:00,AM,22.63
7/24/2019,11:00:00,AM,21.48
7/24/2019,11:15:00,AM,21.68
7/24/2019,11:30:00,AM,24.92
7/24/2019,11:45:00,AM,13.09
7/24/2019,12:00:00,PM,25.52
7/24/2019,12:15:00,PM,22.4
7/24/2019,12:30:00,PM,28.55
7/24/2019,12:45:00,PM,27.03
7/24/2019,1:00:00,PM,21.79
7/24/2019,1:15:00,PM,23.89
7/24/2019,1:30:00,PM,24.23
7/24/2019,1:45:00,PM,27.45
7/24/2019,2:00:00,PM,23.39
7/24/2019,2:15:00,PM,27.08
7/24/2019,2:30:00,PM,28.27
7/24/2019,2:45:00,PM,26.72
7/24/2019,3:00:00,PM,25.02
7/24/2019,3:15:00,PM,24.09
7/24/2019,3:30:00,PM,27.16
7/24/2019,3:45:00,PM,24.03
7/24/2019,4:00:00,PM,23.61
7/24/2019,4:15:00,PM,22.73
7/24/2019,4:30:00,PM,23.73
7/24/2019,4:45:00,PM,29.78
7/24/2019,5:00:00,PM,32.09
7/24/2019,5:15:00,PM,22.2
7/24/2019,5:30:00,PM,27.93
7/24/2019,5:45:00,PM,27.34
7/24/2019,6:00:00,PM,29.3
7/24/2019,6:15:00,PM,25.09
7/24/2019,6:30:00,PM,23.72
7/24/2019,6:45:00,PM,30.58
7/24/2019,7:00:00,PM,40.73
7/24/2019,7:15:00,PM,17.57
7/24/2019,7:30:00,PM,34.09
7/24/2019,7:45:00,PM,25.54
7/24/2019,8:00:00,PM,33.44
7/24/2019,8:15:00,PM,28.77
7/24/2019,8:30:00,PM,24.72
7/24/2019,8:45:00,PM,28.76
7/24/2019,9:00:00,PM,28.15
7/24/2019,9:15:00,PM,31.32
7/24/2019,9:30:00,PM,31.3
7/24/2019,9:45:00,PM,30.61
7/24/2019,10:00:00,PM,33.5
7/24/2019,10:15:00,PM,34.09
7/24/2019,10:30:00,PM,31.07
7/24/2019,10:45:00,PM,30.41
7/24/2019,11:00:00,PM,32.8
7/24/2019,11:15:00,PM,34.16
7/24/2019,11:30:00,PM,33.41
7/24/2019,11:45:00,PM,34.36
7/25/2019,12:00:00,AM,30.83
7/25/2019,12:15:00,AM,30.06
7/25/2019,12:30:00,AM,32.24
7/25/2019,12:45:00,AM,30.91
7/25/2019,1:00:00,AM,36.95
7/25/2019,1:15:00,AM,34.15
7/25/2019,1:30:00,AM,36.45
7/25/2019,1:45:00,AM,30.28
7/25/2019,2:00:00,AM,30.08
7/25/2019,2:15:00,AM,30.69
7/25/2019,2:30:00,AM,31.88
7/25/2019,2:45:00,AM,18.41
7/25/2019,3:00:00,AM,29.88
7/25/2019,3:15:00,AM,26.34
7/25/2019,3:30:00,AM,30.7
7/25/2019,3:45:00,AM,32.44
7/25/2019,4:00:00,AM,21.28
7/25/2019,4:15:00,AM,23.55
7/25/2019,4:30:00,AM,25.07
7/25/2019,4:45:00,AM,28.91
7/25/2019,5:00:00,AM,24.65
7/25/2019,5:15:00,AM,24.03
7/25/2019,5:30:00,AM,39.67
7/25/2019,5:45:00,AM,27.76
7/25/2019,6:00:00,AM,43.69
7/25/2019,6:15:00,AM,8.23
7/25/2019,6:30:00,AM,2.04
7/25/2019,6:45:00,AM,1.42
7/25/2019,7:00:00,AM,128.62
7/25/2019,7:15:00,AM,92.83
7/25/2019,7:30:00,AM,26.29
7/25/2019,7:45:00,AM,27.55
7/25/2019,8:00:00,AM,29.28
7/25/2019,8:15:00,AM,31.25
7/25/2019,8:30:00,AM,32.12
7/25/2019,8:45:00,AM,32.53
7/25/2019,9:00:00,AM,30.57
7/25/2019,9:15:00,AM,26.97
7/25/2019,9:30:00,AM,27.14
7/25/2019,9:45:00,AM,27.4
7/25/2019,10:00:00,AM,30.76
7/25/2019,10:15:00,AM,19.62
7/25/2019,10:30:00,AM,29.61
7/25/2019,10:45:00,AM,27.08
7/25/2019,11:00:00,AM,32.03
7/25/2019,11:15:00,AM,32.4
7/25/2019,11:30:00,AM,26.81
7/25/2019,11:45:00,AM,29.41
7/25/2019,12:00:00,PM,29.57
7/25/2019,12:15:00,PM,33.51
7/25/2019,12:30:00,PM,29.87
7/25/2019,12:45:00,PM,38.61
7/25/2019,1:00:00,PM,32.87
7/25/2019,1:15:00,PM,34.97
7/25/2019,1:30:00,PM,34.46
7/25/2019,1:45:00,PM,33.83
7/25/2019,2:00:00,PM,37.17
7/25/2019,2:15:00,PM,29.97
7/25/2019,2:30:00,PM,36.54
7/25/2019,2:45:00,PM,39.95
7/25/2019,3:00:00,PM,30.79
7/25/2019,3:15:00,PM,31.97
7/25/2019,3:30:00,PM,34.92
7/25/2019,3:45:00,PM,31.43
7/25/2019,4:00:00,PM,35.36
7/25/2019,4:15:00,PM,33.64
7/25/2019,4:30:00,PM,34.92
7/25/2019,4:45:00,PM,32.16
7/25/2019,5:00:00,PM,28.45
7/25/2019,5:15:00,PM,24.32
7/25/2019,5:30:00,PM,32.12
7/25/2019,5:45:00,PM,16.93
7/25/2019,6:00:00,PM,30.44
7/25/2019,6:15:00,PM,27
7/25/2019,6:30:00,PM,33.05
7/25/2019,6:45:00,PM,33.32
7/25/2019,7:00:00,PM,27.11
7/25/2019,7:15:00,PM,28.89
7/25/2019,7:30:00,PM,29.53
7/25/2019,7:45:00,PM,34.46
7/25/2019,8:00:00,PM,31.17
7/25/2019,8:15:00,PM,30.74
7/25/2019,8:30:00,PM,33.38
7/25/2019,8:45:00,PM,30.55
7/25/2019,9:00:00,PM,29.28
7/25/2019,9:15:00,PM,29.53
7/25/2019,9:30:00,PM,29.23
7/25/2019,9:45:00,PM,26.88
7/25/2019,10:00:00,PM,23.87
7/25/2019,10:15:00,PM,25.15
7/25/2019,10:30:00,PM,24.92
7/25/2019,10:45:00,PM,25.41
7/25/2019,11:00:00,PM,25.47
7/25/2019,11:15:00,PM,24.33
7/25/2019,11:30:00,PM,29.43
7/25/2019,11:45:00,PM,29.87
7/26/2019,12:00:00,AM,31.18
7/26/2019,12:15:00,AM,23.82
7/26/2019,12:30:00,AM,25.09
7/26/2019,12:45:00,AM,24.82
7/26/2019,1:00:00,AM,32
7/26/2019,1:15:00,AM,15.19
7/26/2019,1:30:00,AM,29.9
7/26/2019,1:45:00,AM,23.74
7/26/2019,2:00:00,AM,27.57
7/26/2019,2:15:00,AM,28.17
7/26/2019,2:30:00,AM,23.13
7/26/2019,2:45:00,AM,26.01
7/26/2019,3:00:00,AM,25.53
7/26/2019,3:15:00,AM,28.85
7/26/2019,3:30:00,AM,24.97
7/26/2019,3:45:00,AM,26.11
7/26/2019,4:00:00,AM,25.46
7/26/2019,4:15:00,AM,24.6
7/26/2019,4:30:00,AM,23.86
7/26/2019,4:45:00,AM,24.68
7/26/2019,5:00:00,AM,24.46
7/26/2019,5:15:00,AM,23.13
7/26/2019,5:30:00,AM,35.82
7/26/2019,5:45:00,AM,32.61
7/26/2019,6:00:00,AM,25.55
7/26/2019,6:15:00,AM,3.9
7/26/2019,6:30:00,AM,3.49
7/26/2019,6:45:00,AM,3.48
7/26/2019,7:00:00,AM,112.17
7/26/2019,7:15:00,AM,70.25
7/26/2019,7:30:00,AM,23.48
7/26/2019,7:45:00,AM,19.34
7/26/2019,8:00:00,AM,18.94
7/26/2019,8:15:00,AM,19.33
7/26/2019,8:30:00,AM,22.86
7/26/2019,8:45:00,AM,10.16
7/26/2019,9:00:00,AM,21.89
7/26/2019,9:15:00,AM,18.03
7/26/2019,9:30:00,AM,22.79
7/26/2019,9:45:00,AM,23.28
7/26/2019,10:00:00,AM,17.05
7/26/2019,10:15:00,AM,21.17
7/26/2019,10:30:00,AM,21.39
7/26/2019,10:45:00,AM,23.61
7/26/2019,11:00:00,AM,19.52
7/26/2019,11:15:00,AM,20.45
7/26/2019,11:30:00,AM,21.64
7/26/2019,11:45:00,AM,22.1
7/26/2019,12:00:00,PM,21.39
7/26/2019,12:15:00,PM,20.93
7/26/2019,12:30:00,PM,20.2
7/26/2019,12:45:00,PM,20.56
7/26/2019,1:00:00,PM,20.39
7/26/2019,1:15:00,PM,20.79
7/26/2019,1:30:00,PM,27.73
7/26/2019,1:45:00,PM,19.61
7/26/2019,2:00:00,PM,20.17
7/26/2019,2:15:00,PM,23.36
7/26/2019,2:30:00,PM,23.3
7/26/2019,2:45:00,PM,26.08
7/26/2019,3:00:00,PM,23.89
7/26/2019,3:15:00,PM,19.31
7/26/2019,3:30:00,PM,20.02
7/26/2019,3:45:00,PM,20.04
7/26/2019,4:00:00,PM,25.85
7/26/2019,4:15:00,PM,10.27
7/26/2019,4:30:00,PM,22.57
7/26/2019,4:45:00,PM,19
7/26/2019,5:00:00,PM,23.03
7/26/2019,5:15:00,PM,22.72
7/26/2019,5:30:00,PM,17.11
7/26/2019,5:45:00,PM,20.83
7/26/2019,6:00:00,PM,21.24
7/26/2019,6:15:00,PM,23.91
7/26/2019,6:30:00,PM,18.55
7/26/2019,6:45:00,PM,21.25
7/26/2019,7:00:00,PM,35.25
7/26/2019,7:15:00,PM,21.45
7/26/2019,7:30:00,PM,21.31
7/26/2019,7:45:00,PM,19.25
7/26/2019,8:00:00,PM,19.72
7/26/2019,8:15:00,PM,19.89
7/26/2019,8:30:00,PM,18.3
7/26/2019,8:45:00,PM,20.16
7/26/2019,9:00:00,PM,19.66
7/26/2019,9:15:00,PM,20.24
7/26/2019,9:30:00,PM,19.23
7/26/2019,9:45:00,PM,19.07
7/26/2019,10:00:00,PM,25.06
7/26/2019,10:15:00,PM,28.66
7/26/2019,10:30:00,PM,27.32
7/26/2019,10:45:00,PM,23.19
7/26/2019,11:00:00,PM,25.38
7/26/2019,11:15:00,PM,26.29
7/26/2019,11:30:00,PM,29.25
7/26/2019,11:45:00,PM,18.03
7/27/2019,12:00:00,AM,0
7/27/2019,12:15:00,AM,0
7/27/2019,12:30:00,AM,0
7/27/2019,12:45:00,AM,0
7/27/2019,1:00:00,AM,0
7/27/2019,1:15:00,AM,0
7/27/2019,1:30:00,AM,0
7/27/2019,1:45:00,AM,0
7/27/2019,2:00:00,AM,0
7/27/2019,2:15:00,AM,0
7/27/2019,2:30:00,AM,0
7/27/2019,2:45:00,AM,0
7/27/2019,3:00:00,AM,0
7/27/2019,3:15:00,AM,0
7/27/2019,3:30:00,AM,0
7/27/2019,3:45:00,AM,0
7/27/2019,4:00:00,AM,0
7/27/2019,4:15:00,AM,0
7/27/2019,4:30:00,AM,0
7/27/2019,4:45:00,AM,0
7/27/2019,5:00:00,AM,0
7/27/2019,5:15:00,AM,0
7/27/2019,5:30:00,AM,0
7/27/2019,5:45:00,AM,0
7/27/2019,6:00:00,AM,0
7/27/2019,6:15:00,AM,0
7/27/2019,6:30:00,AM,0
7/27/2019,6:45:00,AM,0
7/27/2019,7:00:00,AM,0
7/27/2019,7:15:00,AM,0
7/27/2019,7:30:00,AM,0
7/27/2019,7:45:00,AM,0
7/27/2019,8:00:00,AM,0
7/27/2019,8:15:00,AM,0
7/27/2019,8:30:00,AM,0
7/27/2019,8:45:00,AM,0
7/27/2019,9:00:00,AM,0
7/27/2019,9:15:00,AM,0
7/27/2019,9:30:00,AM,0
7/27/2019,9:45:00,AM,0
7/27/2019,10:00:00,AM,0
7/27/2019,10:15:00,AM,0
7/27/2019,10:30:00,AM,0
7/27/2019,10:45:00,AM,0
7/27/2019,11:00:00,AM,0
7/27/2019,11:15:00,AM,0
7/27/2019,11:30:00,AM,0
7/27/2019,11:45:00,AM,0
7/27/2019,12:00:00,PM,0
7/27/2019,12:15:00,PM,0
7/27/2019,12:30:00,PM,0
7/27/2019,12:45:00,PM,0
7/27/2019,1:00:00,PM,0
7/27/2019,1:15:00,PM,0
7/27/2019,1:30:00,PM,0
7/27/2019,1:45:00,PM,0
7/27/2019,2:00:00,PM,0
7/27/2019,2:15:00,PM,0
7/27/2019,2:30:00,PM,0
7/27/2019,2:45:00,PM,0
7/27/2019,3:00:00,PM,0
7/27/2019,3:15:00,PM,0
7/27/2019,3:30:00,PM,0
7/27/2019,3:45:00,PM,0
7/27/2019,4:00:00,PM,0
7/27/2019,4:15:00,PM,0
7/27/2019,4:30:00,PM,0
7/27/2019,4:45:00,PM,0
7/27/2019,5:00:00,PM,0
7/27/2019,5:15:00,PM,0
7/27/2019,5:30:00,PM,0
7/27/2019,5:45:00,PM,0
7/27/2019,6:00:00,PM,0
7/27/2019,6:15:00,PM,0
7/27/2019,6:30:00,PM,0
7/27/2019,6:45:00,PM,0
7/27/2019,7:00:00,PM,0
7/27/2019,7:15:00,PM,0
7/27/2019,7:30:00,PM,0
7/27/2019,7:45:00,PM,0
7/27/2019,8:00:00,PM,0
7/27/2019,8:15:00,PM,0
7/27/2019,8:30:00,PM,0
7/27/2019,8:45:00,PM,0
7/27/2019,9:00:00,PM,0
7/27/2019,9:15:00,PM,0
7/27/2019,9:30:00,PM,0
7/27/2019,9:45:00,PM,0
7/27/2019,10:00:00,PM,0
7/27/2019,10:15:00,PM,0
7/27/2019,10:30:00,PM,0
7/27/2019,10:45:00,PM,0
7/27/2019,11:00:00,PM,0
7/27/2019,11:15:00,PM,0
7/27/2019,11:30:00,PM,0
7/27/2019,11:45:00,PM,0
7/28/2019,12:00:00,AM,0
7/28/2019,12:15:00,AM,0
7/28/2019,12:30:00,AM,0
7/28/2019,12:45:00,AM,0
7/28/2019,1:00:00,AM,0
7/28/2019,1:15:00,AM,0
7/28/2019,1:30:00,AM,0
7/28/2019,1:45:00,AM,0
7/28/2019,2:00:00,AM,0
7/28/2019,2:15:00,AM,0
7/28/2019,2:30:00,AM,0
7/28/2019,2:45:00,AM,0
7/28/2019,3:00:00,AM,0
7/28/2019,3:15:00,AM,0
7/28/2019,3:30:00,AM,0
7/28/2019,3:45:00,AM,0
7/28/2019,4:00:00,AM,0
7/28/2019,4:15:00,AM,0
7/28/2019,4:30:00,AM,0
7/28/2019,4:45:00,AM,0
7/28/2019,5:00:00,AM,0
7/28/2019,5:15:00,AM,0
7/28/2019,5:30:00,AM,0
7/28/2019,5:45:00,AM,0
7/28/2019,6:00:00,AM,0
7/28/2019,6:15:00,AM,0
7/28/2019,6:30:00,AM,0
7/28/2019,6:45:00,AM,0
7/28/2019,7:00:00,AM,0
7/28/2019,7:15:00,AM,0
7/28/2019,7:30:00,AM,0
7/28/2019,7:45:00,AM,0
7/28/2019,8:00:00,AM,0
7/28/2019,8:15:00,AM,0
7/28/2019,8:30:00,AM,0
7/28/2019,8:45:00,AM,0
7/28/2019,9:00:00,AM,0
7/28/2019,9:15:00,AM,0
7/28/2019,9:30:00,AM,0
7/28/2019,9:45:00,AM,0
7/28/2019,10:00:00,AM,0
7/28/2019,10:15:00,AM,0
7/28/2019,10:30:00,AM,0
7/28/2019,10:45:00,AM,0
7/28/2019,11:00:00,AM,0
7/28/2019,11:15:00,AM,0
7/28/2019,11:30:00,AM,0
7/28/2019,11:45:00,AM,0
7/28/2019,12:00:00,PM,0
7/28/2019,12:15:00,PM,0
7/28/2019,12:30:00,PM,0
7/28/2019,12:45:00,PM,0
7/28/2019,1:00:00,PM,0
7/28/2019,1:15:00,PM,0
7/28/2019,1:30:00,PM,0
7/28/2019,1:45:00,PM,0
7/28/2019,2:00:00,PM,0
7/28/2019,2:15:00,PM,0
7/28/2019,2:30:00,PM,0
7/28/2019,2:45:00,PM,0
7/28/2019,3:00:00,PM,0
7/28/2019,3:15:00,PM,0
7/28/2019,3:30:00,PM,0
7/28/2019,3:45:00,PM,0
7/28/2019,4:00:00,PM,0
7/28/2019,4:15:00,PM,0
7/28/2019,4:30:00,PM,0
7/28/2019,4:45:00,PM,0
7/28/2019,5:00:00,PM,0
7/28/2019,5:15:00,PM,0
7/28/2019,5:30:00,PM,0
7/28/2019,5:45:00,PM,0
7/28/2019,6:00:00,PM,0
7/28/2019,6:15:00,PM,0
7/28/2019,6:30:00,PM,0
7/28/2019,6:45:00,PM,0
7/28/2019,7:00:00,PM,0
7/28/2019,7:15:00,PM,0
7/28/2019,7:30:00,PM,0
7/28/2019,7:45:00,PM,0
7/28/2019,8:00:00,PM,0
7/28/2019,8:15:00,PM,0
7/28/2019,8:30:00,PM,0
7/28/2019,8:45:00,PM,0
7/28/2019,9:00:00,PM,0
7/28/2019,9:15:00,PM,0
7/28/2019,9:30:00,PM,0
7/28/2019,9:45:00,PM,0
7/28/2019,10:00:00,PM,0
7/28/2019,10:15:00,PM,0
7/28/2019,10:30:00,PM,0
7/28/2019,10:45:00,PM,0
7/28/2019,11:00:00,PM,0
7/28/2019,11:15:00,PM,0
7/28/2019,11:30:00,PM,0
7/28/2019,11:45:00,PM,0
7/29/2019,12:00:00,AM,42.37
7/29/2019,12:15:00,AM,37.95
7/29/2019,12:30:00,AM,42.25
7/29/2019,12:45:00,AM,43.78
7/29/2019,1:00:00,AM,68.77
7/29/2019,1:15:00,AM,4.68
7/29/2019,1:30:00,AM,4.5
7/29/2019,1:45:00,AM,6.93
7/29/2019,2:00:00,AM,3.3
7/29/2019,2:15:00,AM,4.66
7/29/2019,2:30:00,AM,5.98
7/29/2019,2:45:00,AM,6.05
7/29/2019,3:00:00,AM,4.33
7/29/2019,3:15:00,AM,3.91
7/29/2019,3:30:00,AM,3.77
7/29/2019,3:45:00,AM,3.74
7/29/2019,4:00:00,AM,3.51
7/29/2019,4:15:00,AM,3.34
7/29/2019,4:30:00,AM,3.37
7/29/2019,4:45:00,AM,3.47
7/29/2019,5:00:00,AM,3.36
7/29/2019,5:15:00,AM,3.33
7/29/2019,5:30:00,AM,14.15
7/29/2019,5:45:00,AM,6.68
7/29/2019,6:00:00,AM,7.52
7/29/2019,6:15:00,AM,3.39
7/29/2019,6:30:00,AM,3.12
7/29/2019,6:45:00,AM,3.6
7/29/2019,7:00:00,AM,7.21
7/29/2019,7:15:00,AM,224.1
7/29/2019,7:30:00,AM,37.91
7/29/2019,7:45:00,AM,34.22
7/29/2019,8:00:00,AM,39.45
7/29/2019,8:15:00,AM,39.33
7/29/2019,8:30:00,AM,33.35
7/29/2019,8:45:00,AM,36.81
7/29/2019,9:00:00,AM,36.85
7/29/2019,9:15:00,AM,41.35
7/29/2019,9:30:00,AM,41.31
7/29/2019,9:45:00,AM,39.45
7/29/2019,10:00:00,AM,40.76
7/29/2019,10:15:00,AM,40.28
7/29/2019,10:30:00,AM,38.18
7/29/2019,10:45:00,AM,39.18
7/29/2019,11:00:00,AM,38.74
7/29/2019,11:15:00,AM,39.07
7/29/2019,11:30:00,AM,38.57
7/29/2019,11:45:00,AM,39.36
7/29/2019,12:00:00,PM,38.9
7/29/2019,12:15:00,PM,39.04
7/29/2019,12:30:00,PM,38.33
7/29/2019,12:45:00,PM,39.56
7/29/2019,1:00:00,PM,42.35
7/29/2019,1:15:00,PM,44.71
7/29/2019,1:30:00,PM,41.76
7/29/2019,1:45:00,PM,37.89
7/29/2019,2:00:00,PM,37.52
7/29/2019,2:15:00,PM,41.47
7/29/2019,2:30:00,PM,42.79
7/29/2019,2:45:00,PM,35.74
7/29/2019,3:00:00,PM,42.51
7/29/2019,3:15:00,PM,37.12
7/29/2019,3:30:00,PM,40.71
7/29/2019,3:45:00,PM,41.32
7/29/2019,4:00:00,PM,71.2
7/29/2019,4:15:00,PM,44.66
7/29/2019,4:30:00,PM,38
7/29/2019,4:45:00,PM,42.11
7/29/2019,5:00:00,PM,36.37
7/29/2019,5:15:00,PM,41.35
7/29/2019,5:30:00,PM,40.66
7/29/2019,5:45:00,PM,39.56
7/29/2019,6:00:00,PM,39.44
7/29/2019,6:15:00,PM,37.83
7/29/2019,6:30:00,PM,39.32
7/29/2019,6:45:00,PM,37.96
7/29/2019,7:00:00,PM,38.49
7/29/2019,7:15:00,PM,38.24
7/29/2019,7:30:00,PM,38.24
7/29/2019,7:45:00,PM,37.36
7/29/2019,8:00:00,PM,36.36
7/29/2019,8:15:00,PM,37.88
7/29/2019,8:30:00,PM,42.29
7/29/2019,8:45:00,PM,39.77
7/29/2019,9:00:00,PM,41.54
7/29/2019,9:15:00,PM,38.52
7/29/2019,9:30:00,PM,34.87
7/29/2019,9:45:00,PM,35.13
7/29/2019,10:00:00,PM,40.79
7/29/2019,10:15:00,PM,26.41
7/29/2019,10:30:00,PM,38.76
7/29/2019,10:45:00,PM,36.27
7/29/2019,11:00:00,PM,51
7/29/2019,11:15:00,PM,39.84
7/29/2019,11:30:00,PM,32.9
7/29/2019,11:45:00,PM,19.01
7/30/2019,12:00:00,AM,19.51
7/30/2019,12:15:00,AM,20
7/30/2019,12:30:00,AM,17.47
7/30/2019,12:45:00,AM,18.67
7/30/2019,1:00:00,AM,23.83
7/30/2019,1:15:00,AM,19.53
7/30/2019,1:30:00,AM,20.56
7/30/2019,1:45:00,AM,17.66
7/30/2019,2:00:00,AM,17.52
7/30/2019,2:15:00,AM,16.97
7/30/2019,2:30:00,AM,16.81
7/30/2019,2:45:00,AM,17.4
7/30/2019,3:00:00,AM,16.36
7/30/2019,3:15:00,AM,17.53
7/30/2019,3:30:00,AM,17.14
7/30/2019,3:45:00,AM,17.28
7/30/2019,4:00:00,AM,19.23
7/30/2019,4:15:00,AM,17.4
7/30/2019,4:30:00,AM,18.56
7/30/2019,4:45:00,AM,15.51
7/30/2019,5:00:00,AM,15.47
7/30/2019,5:15:00,AM,14.78
7/30/2019,5:30:00,AM,37.75
7/30/2019,5:45:00,AM,7.91
7/30/2019,6:00:00,AM,5.91
7/30/2019,6:15:00,AM,2.08
7/30/2019,6:30:00,AM,5.92
7/30/2019,6:45:00,AM,6.67
7/30/2019,7:00:00,AM,84.45
7/30/2019,7:15:00,AM,67.07
7/30/2019,7:30:00,AM,15.66
7/30/2019,7:45:00,AM,19.38
7/30/2019,8:00:00,AM,15.42
7/30/2019,8:15:00,AM,16.98
7/30/2019,8:30:00,AM,18.48
7/30/2019,8:45:00,AM,18.81
7/30/2019,9:00:00,AM,16.8
7/30/2019,9:15:00,AM,16.58
7/30/2019,9:30:00,AM,17.72
7/30/2019,9:45:00,AM,15.93
7/30/2019,10:00:00,AM,16.11
7/30/2019,10:15:00,AM,16.52
7/30/2019,10:30:00,AM,16.32
7/30/2019,10:45:00,AM,16.44
7/30/2019,11:00:00,AM,15.79
7/30/2019,11:15:00,AM,16.07
7/30/2019,11:30:00,AM,18.88
7/30/2019,11:45:00,AM,18.33
7/30/2019,12:00:00,PM,19.22
7/30/2019,12:15:00,PM,14.75
7/30/2019,12:30:00,PM,14.96
7/30/2019,12:45:00,PM,15.11
7/30/2019,1:00:00,PM,19.02
7/30/2019,1:15:00,PM,5.39
7/30/2019,1:30:00,PM,18.71
7/30/2019,1:45:00,PM,14.87
7/30/2019,2:00:00,PM,18.59
7/30/2019,2:15:00,PM,19.36
7/30/2019,2:30:00,PM,13.96
7/30/2019,2:45:00,PM,17.25
7/30/2019,3:00:00,PM,16.9
7/30/2019,3:15:00,PM,20.63
7/30/2019,3:30:00,PM,17.99
7/30/2019,3:45:00,PM,17.05
7/30/2019,4:00:00,PM,19.36
7/30/2019,4:15:00,PM,19.83
7/30/2019,4:30:00,PM,16.51
7/30/2019,4:45:00,PM,17.11
7/30/2019,5:00:00,PM,25.61
7/30/2019,5:15:00,PM,18.09
7/30/2019,5:30:00,PM,17.56
7/30/2019,5:45:00,PM,16.57
7/30/2019,6:00:00,PM,16.87
7/30/2019,6:15:00,PM,16.73
7/30/2019,6:30:00,PM,16.09
7/30/2019,6:45:00,PM,17.09
7/30/2019,7:00:00,PM,21.12
7/30/2019,7:15:00,PM,18.91
7/30/2019,7:30:00,PM,20.41
7/30/2019,7:45:00,PM,16.26
7/30/2019,8:00:00,PM,16.54
7/30/2019,8:15:00,PM,17.61
7/30/2019,8:30:00,PM,20.97
7/30/2019,8:45:00,PM,7.66
7/30/2019,9:00:00,PM,19.41
7/30/2019,9:15:00,PM,15.64
7/30/2019,9:30:00,PM,19.36
7/30/2019,9:45:00,PM,20.46
7/30/2019,10:00:00,PM,15.47
7/30/2019,10:15:00,PM,24.46
7/30/2019,10:30:00,PM,17.75
7/30/2019,10:45:00,PM,21.39
7/30/2019,11:00:00,PM,17.09
7/30/2019,11:15:00,PM,18.3
7/30/2019,11:30:00,PM,19.98
7/30/2019,11:45:00,PM,20.68
7/31/2019,12:00:00,AM,20.09
7/31/2019,12:15:00,AM,17.21
7/31/2019,12:30:00,AM,17.68
7/31/2019,12:45:00,AM,17.59
7/31/2019,1:00:00,AM,21.31
7/31/2019,1:15:00,AM,17.64
7/31/2019,1:30:00,AM,19.68
7/31/2019,1:45:00,AM,16.48
7/31/2019,2:00:00,AM,16.9
7/31/2019,2:15:00,AM,17.29
7/31/2019,2:30:00,AM,21
7/31/2019,2:45:00,AM,18.54
7/31/2019,3:00:00,AM,19.62
7/31/2019,3:15:00,AM,16.54
7/31/2019,3:30:00,AM,15.98
7/31/2019,3:45:00,AM,16.3
7/31/2019,4:00:00,AM,18.76
7/31/2019,4:15:00,AM,5.26
7/31/2019,4:30:00,AM,17.92
7/31/2019,4:45:00,AM,16.42
7/31/2019,5:00:00,AM,18.6
7/31/2019,5:15:00,AM,18.6
7/31/2019,5:30:00,AM,19.6
7/31/2019,5:45:00,AM,38.72
7/31/2019,6:00:00,AM,3.83
7/31/2019,6:15:00,AM,6.04
7/31/2019,6:30:00,AM,2.38
7/31/2019,6:45:00,AM,3.62
7/31/2019,7:00:00,AM,96.89
7/31/2019,7:15:00,AM,72.21
7/31/2019,7:30:00,AM,17.46
7/31/2019,7:45:00,AM,17.14
7/31/2019,8:00:00,AM,17.14
7/31/2019,8:15:00,AM,16.96
7/31/2019,8:30:00,AM,16.83
7/31/2019,8:45:00,AM,16.96
7/31/2019,9:00:00,AM,16.75
7/31/2019,9:15:00,AM,16.73
7/31/2019,9:30:00,AM,18.4
7/31/2019,9:45:00,AM,17.91
7/31/2019,10:00:00,AM,21.25
7/31/2019,10:15:00,AM,19.92
7/31/2019,10:30:00,AM,20.81
7/31/2019,10:45:00,AM,16.96
7/31/2019,11:00:00,AM,15.66
7/31/2019,11:15:00,AM,16.51
7/31/2019,11:30:00,AM,20.39
7/31/2019,11:45:00,AM,7.23
7/31/2019,12:00:00,PM,19.45
7/31/2019,12:15:00,PM,16.14
7/31/2019,12:30:00,PM,19.21
7/31/2019,12:45:00,PM,20.94
7/31/2019,1:00:00,PM,15.32
7/31/2019,1:15:00,PM,18.01
7/31/2019,1:30:00,PM,18.08
7/31/2019,1:45:00,PM,26.14
7/31/2019,2:00:00,PM,36.6
7/31/2019,2:15:00,PM,19.65
7/31/2019,2:30:00,PM,20.46
7/31/2019,2:45:00,PM,22.92
7/31/2019,3:00:00,PM,28.87
7/31/2019,3:15:00,PM,19.73
7/31/2019,3:30:00,PM,21.32
7/31/2019,3:45:00,PM,20.71
7/31/2019,4:00:00,PM,21.23
7/31/2019,4:15:00,PM,18.56
7/31/2019,4:30:00,PM,18.06
7/31/2019,4:45:00,PM,17.66
7/31/2019,5:00:00,PM,18.13
7/31/2019,5:15:00,PM,18.12
7/31/2019,5:30:00,PM,22.07
7/31/2019,5:45:00,PM,22.04
7/31/2019,6:00:00,PM,23
7/31/2019,6:15:00,PM,18.17
7/31/2019,6:30:00,PM,17.98
7/31/2019,6:45:00,PM,18.18
7/31/2019,7:00:00,PM,20.97
7/31/2019,7:15:00,PM,8.28
7/31/2019,7:30:00,PM,22.01
7/31/2019,7:45:00,PM,16.47
7/31/2019,8:00:00,PM,20.69
7/31/2019,8:15:00,PM,19.92
7/31/2019,8:30:00,PM,16.33
7/31/2019,8:45:00,PM,20.04
7/31/2019,9:00:00,PM,20.74
7/31/2019,9:15:00,PM,22.39
7/31/2019,9:30:00,PM,16.93
7/31/2019,9:45:00,PM,23.46
7/31/2019,10:00:00,PM,20.61
7/31/2019,10:15:00,PM,20.97
7/31/2019,10:30:00,PM,18.93
7/31/2019,10:45:00,PM,17.94
7/31/2019,11:00:00,PM,18.59
7/31/2019,11:15:00,PM,17.6
7/31/2019,11:30:00,PM,17.88
7/31/2019,11:45:00,PM,18.96
